"Date","Time (GMT)","Predicted (ft)","Preliminary (ft)","Verified (ft)"
"2021/05/06","00:00","9.058","-","9.86"
"2021/05/06","01:00","8.592","-","9.41"
"2021/05/06","02:00","7.393","-","8.01"
"2021/05/06","03:00","5.595","-","6.28"
"2021/05/06","04:00","3.537","-","4.29"
"2021/05/06","05:00","1.975","-","2.63"
"2021/05/06","06:00","1.511","-","1.86"
"2021/05/06","07:00","2.014","-","2.59"
"2021/05/06","08:00","3.2","-","3.79"
"2021/05/06","09:00","5.011","-","5.55"
"2021/05/06","10:00","7.058","-","7.61"
"2021/05/06","11:00","8.626","-","9.17"
"2021/05/06","12:00","9.306","-","10.01"
"2021/05/06","13:00","9.083","-","9.65"
"2021/05/06","14:00","8.071","-","8.5"
"2021/05/06","15:00","6.39","-","6.88"
"2021/05/06","16:00","4.237","-","4.73"
"2021/05/06","17:00","2.208","-","2.69"
"2021/05/06","18:00","1.086","-","1.32"
"2021/05/06","19:00","1.065","-","1.27"
"2021/05/06","20:00","1.873","-","2.49"
"2021/05/06","21:00","3.434","-","4.01"
"2021/05/06","22:00","5.564","-","5.93"
"2021/05/06","23:00","7.589","-","7.92"
"2021/05/07","00:00","8.881","-","9.42"
"2021/05/07","01:00","9.253","-","9.8"
"2021/05/07","02:00","8.744","-","9.05"
"2021/05/07","03:00","7.45","-","7.81"
"2021/05/07","04:00","5.511","-","5.74"
"2021/05/07","05:00","3.35","-","3.79"
"2021/05/07","06:00","1.772","-","2"
"2021/05/07","07:00","1.292","-","1.2"
"2021/05/07","08:00","1.76","-","2.03"
"2021/05/07","09:00","2.992","-","3.27"
"2021/05/07","10:00","4.918","-","5.14"
"2021/05/07","11:00","7.03","-","7.21"
"2021/05/07","12:00","8.602","-","8.94"
"2021/05/07","13:00","9.282","-","9.84"
"2021/05/07","14:00","9.054","-","9.49"
"2021/05/07","15:00","8","-","8.43"
"2021/05/07","16:00","6.242","-","6.55"
"2021/05/07","17:00","4.045","-","4.54"
"2021/05/07","18:00","2.077","-","2.57"
"2021/05/07","19:00","1.078","-","1.35"
"2021/05/07","20:00","1.165","-","1.46"
"2021/05/07","21:00","2.106","-","2.68"
"2021/05/07","22:00","3.841","-","4.36"
"2021/05/07","23:00","6.071","-","6.39"
"2021/05/08","00:00","8.061","-","8.42"
"2021/05/08","01:00","9.247","-","9.89"
"2021/05/08","02:00","9.475","-","9.93"
"2021/05/08","03:00","8.779","-","9.36"
"2021/05/08","04:00","7.275","-","7.68"
"2021/05/08","05:00","5.158","-","5.52"
"2021/05/08","06:00","2.923","-","3.77"
"2021/05/08","07:00","1.39","-","1.86"
"2021/05/08","08:00","1.001","-","1.22"
"2021/05/08","09:00","1.588","-","2.14"
"2021/05/08","10:00","2.995","-","3.63"
"2021/05/08","11:00","5.078","-","5.69"
"2021/05/08","12:00","7.233","-","7.75"
"2021/05/08","13:00","8.754","-","9.56"
"2021/05/08","14:00","9.335","-","10.44"
"2021/05/08","15:00","8.963","-","9.97"
"2021/05/08","16:00","7.753","-","8.72"
"2021/05/08","17:00","5.874","-","6.75"
"2021/05/08","18:00","3.648","-","4.53"
"2021/05/08","19:00","1.799","-","2.78"
"2021/05/08","20:00","1.025","-","1.74"
"2021/05/08","21:00","1.359","-","2.19"
"2021/05/08","22:00","2.549","-","3.55"
"2021/05/08","23:00","4.493","-","5.37"
"2021/05/09","00:00","6.786","-","7.56"
"2021/05/09","01:00","8.671","-","9.25"
"2021/05/09","02:00","9.642","-","10.37"
"2021/05/09","03:00","9.585","-","10.32"
"2021/05/09","04:00","8.592","-","9.02"
"2021/05/09","05:00","6.835","-","7.09"
"2021/05/09","06:00","4.549","-","4.76"
"2021/05/09","07:00","2.3","-","2.53"
"2021/05/09","08:00","0.927","-","0.81"
"2021/05/09","09:00","0.778","-","0.48"
"2021/05/09","10:00","1.612","-","1.46"
"2021/05/09","11:00","3.255","-","2.85"
"2021/05/09","12:00","5.485","-","4.86"
"2021/05/09","13:00","7.625","-","6.96"
"2021/05/09","14:00","8.997","-","8.55"
"2021/05/09","15:00","9.346","-","8.89"
"2021/05/09","16:00","8.724","-","8.25"
"2021/05/09","17:00","7.311","-","6.87"
"2021/05/09","18:00","5.306","-","5.01"
"2021/05/09","19:00","3.093","-","3.13"
"2021/05/09","20:00","1.469","-","1.4"
"2021/05/09","21:00","1.055","-","0.55"
"2021/05/09","22:00","1.74","-","1.59"
"2021/05/09","23:00","3.223","-","3.31"
"2021/05/10","00:00","5.351","-","5.32"
"2021/05/10","01:00","7.632","-","7.37"
"2021/05/10","02:00","9.297","-","9.14"
"2021/05/10","03:00","9.918","-","10.02"
"2021/05/10","04:00","9.478","-","9.61"
"2021/05/10","05:00","8.151","-","8.4"
"2021/05/10","06:00","6.146","-","6.27"
"2021/05/10","07:00","3.736","-","4.29"
"2021/05/10","08:00","1.59","-","2.26"
"2021/05/10","09:00","0.533","-","1.07"
"2021/05/10","10:00","0.745","-","1.17"
"2021/05/10","11:00","1.885","-","2.69"
"2021/05/10","12:00","3.767","-","4.5"
"2021/05/10","13:00","6.089","-","6.46"
"2021/05/10","14:00","8.11","-","8.53"
"2021/05/10","15:00","9.202","-","9.55"
"2021/05/10","16:00","9.222","-","9.5"
"2021/05/10","17:00","8.311","-","8.56"
"2021/05/10","18:00","6.69","-","6.7"
"2021/05/10","19:00","4.584","-","4.83"
"2021/05/10","20:00","2.481","-","2.77"
"2021/05/10","21:00","1.222","-","1.16"
"2021/05/10","22:00","1.27","-","1.51"
"2021/05/10","23:00","2.337","-","2.83"
"2021/05/11","00:00","4.091","-","4.66"
"2021/05/11","01:00","6.335","-","6.64"
"2021/05/11","02:00","8.481","-","8.65"
"2021/05/11","03:00","9.79","-","10.12"
"2021/05/11","04:00","9.969","-","10.32"
"2021/05/11","05:00","9.121","-","9.27"
"2021/05/11","06:00","7.473","-","7.39"
"2021/05/11","07:00","5.257","-","5.34"
"2021/05/11","08:00","2.832","-","2.91"
"2021/05/11","09:00","0.951","-","1.11"
"2021/05/11","10:00","0.339","-","0.34"
"2021/05/11","11:00","0.96","-","1.11"
"2021/05/11","12:00","2.405","-","2.75"
"2021/05/11","13:00","4.479","-","4.64"
"2021/05/11","14:00","6.784","-","6.84"
"2021/05/11","15:00","8.548","-","8.66"
"2021/05/11","16:00","9.269","-","9.48"
"2021/05/11","17:00","8.931","-","9.06"
"2021/05/11","18:00","7.734","-","7.84"
"2021/05/11","19:00","5.926","-","6.07"
"2021/05/11","20:00","3.801","-","3.97"
"2021/05/11","21:00","1.949","-","2.07"
"2021/05/11","22:00","1.171","-","1.17"
"2021/05/11","23:00","1.707","-","1.85"
"2021/05/12","00:00","3.124","-","3.54"
"2021/05/12","01:00","5.083","-","5.42"
"2021/05/12","02:00","7.32","-","7.45"
"2021/05/12","03:00","9.184","-","9.27"
"2021/05/12","04:00","10.045","-","10.13"
"2021/05/12","05:00","9.767","-","9.8"
"2021/05/12","06:00","8.533","-","8.44"
"2021/05/12","07:00","6.606","-","6.42"
"2021/05/12","08:00","4.276","-","4.2"
"2021/05/12","09:00","1.99","-","1.96"
"2021/05/12","10:00","0.518","-","0.31"
"2021/05/12","11:00","0.404","-","0.25"
"2021/05/12","12:00","1.42","-","1.44"
"2021/05/12","13:00","3.121","-","3.15"
"2021/05/12","14:00","5.283","-","5.27"
"2021/05/12","15:00","7.428","-","7.46"
"2021/05/12","16:00","8.837","-","8.92"
"2021/05/12","17:00","9.162","-","9.19"
"2021/05/12","18:00","8.476","-","8.5"
"2021/05/12","19:00","7.019","-","7.02"
"2021/05/12","20:00","5.099","-","5.05"
"2021/05/12","21:00","3.085","-","2.98"
"2021/05/12","22:00","1.608","-","1.59"
"2021/05/12","23:00","1.355","-","1.29"
"2021/05/13","00:00","2.345","-","2.45"
"2021/05/13","01:00","4.04","-","4.16"
"2021/05/13","02:00","6.087","-","6.15"
"2021/05/13","03:00","8.168","-","8.19"
"2021/05/13","04:00","9.647","-","9.73"
"2021/05/13","05:00","10.042","-","10.15"
"2021/05/13","06:00","9.335","-","9.33"
"2021/05/13","07:00","7.761","-","7.7"
"2021/05/13","08:00","5.648","-","5.54"
"2021/05/13","09:00","3.346","-","3.32"
"2021/05/13","10:00","1.339","-","1.36"
"2021/05/13","11:00","0.346","-","0.27"
"2021/05/13","12:00","0.723","-","0.8"
"2021/05/13","13:00","2.076","-","2.19"
"2021/05/13","14:00","3.931","-","3.99"
"2021/05/13","15:00","6.042","-","6.07"
"2021/05/13","16:00","7.92","-","7.98"
"2021/05/13","17:00","8.945","-","8.98"
"2021/05/13","18:00","8.886","-","8.82"
"2021/05/13","19:00","7.88","-","7.81"
"2021/05/13","20:00","6.237","-","6.17"
"2021/05/13","21:00","4.325","-","4.17"
"2021/05/13","22:00","2.54","-","2.42"
"2021/05/13","23:00","1.499","-","1.43"
"2021/05/14","00:00","1.758","-","1.87"
"2021/05/14","01:00","3.127","-","3.29"
"2021/05/14","02:00","4.98","-","5.01"
"2021/05/14","03:00","6.975","-","7.07"
"2021/05/14","04:00","8.793","-","8.81"
"2021/05/14","05:00","9.86","-","9.82"
"2021/05/14","06:00","9.812","-","9.64"
"2021/05/14","07:00","8.721","-","8.52"
"2021/05/14","08:00","6.895","-","6.65"
"2021/05/14","09:00","4.728","-","4.57"
"2021/05/14","10:00","2.579","-","2.36"
"2021/05/14","11:00","0.928","-","0.64"
"2021/05/14","12:00","0.431","-","0.3"
"2021/05/14","13:00","1.247","-","1.35"
"2021/05/14","14:00","2.827","-","2.84"
"2021/05/14","15:00","4.702","-","4.73"
"2021/05/14","16:00","6.663","-","6.83"
"2021/05/14","17:00","8.237","-","8.33"
"2021/05/14","18:00","8.882","-","8.89"
"2021/05/14","19:00","8.466","-","8.48"
"2021/05/14","20:00","7.209","-","7.12"
"2021/05/14","21:00","5.492","-","5.48"
"2021/05/14","22:00","3.694","-","3.62"
"2021/05/14","23:00","2.197","-","2.14"
"2021/05/15","00:00","1.606","-","1.65"
"2021/05/15","01:00","2.324","-","2.68"
"2021/05/15","02:00","3.952","-","4.02"
"2021/05/15","03:00","5.823","-","5.97"
"2021/05/15","04:00","7.668","-","7.82"
"2021/05/15","05:00","9.191","-","9.38"
"2021/05/15","06:00","9.859","-","9.93"
"2021/05/15","07:00","9.407","-","9.45"
"2021/05/15","08:00","8.01","-","7.94"
"2021/05/15","09:00","6.056","-","6.03"
"2021/05/15","10:00","3.948","-","3.82"
"2021/05/15","11:00","2.017","-","1.81"
"2021/05/15","12:00","0.75","-","0.59"
"2021/05/15","13:00","0.722","-","0.76"
"2021/05/15","14:00","1.872","-","1.95"
"2021/05/15","15:00","3.544","-","3.48"
"2021/05/15","16:00","5.351","-","5.42"
"2021/05/15","17:00","7.128","-","7.3"
"2021/05/15","18:00","8.396","-","8.54"
"2021/05/15","19:00","8.681","-","8.73"
"2021/05/15","20:00","7.967","-","7.99"
"2021/05/15","21:00","6.561","-","6.52"
"2021/05/15","22:00","4.867","-","4.77"
"2021/05/15","23:00","3.231","-","3"
"2021/05/16","00:00","2.042","-","1.97"
"2021/05/16","01:00","1.878","-","2.03"
"2021/05/16","02:00","2.953","-","3.17"
"2021/05/16","03:00","4.696","-","4.75"
"2021/05/16","04:00","6.492","-","6.6"
"2021/05/16","05:00","8.163","-","8.38"
"2021/05/16","06:00","9.399","-","9.6"
"2021/05/16","07:00","9.694","-","9.75"
"2021/05/16","08:00","8.908","-","8.84"
"2021/05/16","09:00","7.319","-","7.27"
"2021/05/16","10:00","5.338","-","5.24"
"2021/05/16","11:00","3.341","-","3.1"
"2021/05/16","12:00","1.65","-","1.35"
"2021/05/16","13:00","0.762","-","0.63"
"2021/05/16","14:00","1.123","-","1.23"
"2021/05/16","15:00","2.474","-","2.48"
"2021/05/16","16:00","4.148","-","4.09"
"2021/05/16","17:00","5.868","-","6.11"
"2021/05/16","18:00","7.466","-","7.83"
"2021/05/16","19:00","8.437","-","8.61"
"2021/05/16","20:00","8.412","-","8.49"
"2021/05/16","21:00","7.491","-","7.52"
"2021/05/16","22:00","6.02","-","5.98"
"2021/05/16","23:00","4.386","-","4.32"
"2021/05/17","00:00","2.922","-","2.67"
"2021/05/17","01:00","2.027","-","1.92"
"2021/05/17","02:00","2.215","-","2.39"
"2021/05/17","03:00","3.514","-","3.59"
"2021/05/17","04:00","5.271","-","5.25"
"2021/05/17","05:00","6.976","-","7"
"2021/05/17","06:00","8.489","-","8.67"
"2021/05/17","07:00","9.458","-","9.58"
"2021/05/17","08:00","9.441","-","9.5"
"2021/05/17","09:00","8.425","-","8.39"
"2021/05/17","10:00","6.734","-","6.7"
"2021/05/17","11:00","4.772","-","4.75"
"2021/05/17","12:00","2.902","-","2.71"
"2021/05/17","13:00","1.445","-","1.21"
"2021/05/17","14:00","0.877","-","0.82"
"2021/05/17","15:00","1.515","-","1.62"
"2021/05/17","16:00","2.973","-","2.85"
"2021/05/17","17:00","4.632","-","4.56"
"2021/05/17","18:00","6.284","-","6.36"
"2021/05/17","19:00","7.716","-","7.91"
"2021/05/17","20:00","8.433","-","8.39"
"2021/05/17","21:00","8.18","-","8.08"
"2021/05/17","22:00","7.124","-","7.03"
"2021/05/17","23:00","5.615","-","5.57"
"2021/05/18","00:00","4.042","-","3.91"
"2021/05/18","01:00","2.729","-","2.53"
"2021/05/18","02:00","2.064","-","1.96"
"2021/05/18","03:00","2.49","-","2.63"
"2021/05/18","04:00","3.909","-","3.9"
"2021/05/18","05:00","5.652","-","5.48"
"2021/05/18","06:00","7.287","-","7.27"
"2021/05/18","07:00","8.672","-","8.64"
"2021/05/18","08:00","9.429","-","9.3"
"2021/05/18","09:00","9.198","-","9.04"
"2021/05/18","10:00","8.039","-","7.78"
"2021/05/18","11:00","6.289","-","6.18"
"2021/05/18","12:00","4.36","-","4.14"
"2021/05/18","13:00","2.605","-","2.26"
"2021/05/18","14:00","1.329","-","1.02"
"2021/05/18","15:00","0.99","-","0.92"
"2021/05/18","16:00","1.82","-","1.86"
"2021/05/18","17:00","3.358","-","3.15"
"2021/05/18","18:00","5.024","-","4.91"
"2021/05/18","19:00","6.638","-","6.72"
"2021/05/18","20:00","7.949","-","7.95"
"2021/05/18","21:00","8.487","-","8.44"
"2021/05/18","22:00","8.071","-","8.04"
"2021/05/18","23:00","6.899","-","6.88"
"2021/05/19","00:00","5.348","-","5.38"
"2021/05/19","01:00","3.808","-","3.72"
"2021/05/19","02:00","2.572","-","2.32"
"2021/05/19","03:00","2.031","-","2.08"
"2021/05/19","04:00","2.604","-","2.88"
"2021/05/19","05:00","4.102","-","4.09"
"2021/05/19","06:00","5.838","-","5.68"
"2021/05/19","07:00","7.441","-","7.43"
"2021/05/19","08:00","8.761","-","8.86"
"2021/05/19","09:00","9.401","-","9.41"
"2021/05/19","10:00","9.04","-","9.01"
"2021/05/19","11:00","7.781","-","7.7"
"2021/05/19","12:00","5.989","-","5.98"
"2021/05/19","13:00","4.086","-","4.17"
"2021/05/19","14:00","2.391","-","2.21"
"2021/05/19","15:00","1.208","-","1.17"
"2021/05/19","16:00","1.031","-","1.19"
"2021/05/19","17:00","2.027","-","2.14"
"2021/05/19","18:00","3.653","-","3.53"
"2021/05/19","19:00","5.359","-","5.35"
"2021/05/19","20:00","6.994","-","7.09"
"2021/05/19","21:00","8.26","-","8.26"
"2021/05/19","22:00","8.679","-","8.66"
"2021/05/19","23:00","8.116","-","8.13"
"2021/05/20","00:00","6.823","-","6.83"
"2021/05/20","01:00","5.202","-","5.17"
"2021/05/20","02:00","3.616","-","3.43"
"2021/05/20","03:00","2.345","-","2.13"
"2021/05/20","04:00","1.841","-","1.86"
"2021/05/20","05:00","2.52","-","2.63"
"2021/05/20","06:00","4.085","-","3.88"
"2021/05/20","07:00","5.839","-","5.63"
"2021/05/20","08:00","7.481","-","7.37"
"2021/05/20","09:00","8.835","-","8.8"
"2021/05/20","10:00","9.438","-","9.25"
"2021/05/20","11:00","8.992","-","8.76"
"2021/05/20","12:00","7.656","-","7.42"
"2021/05/20","13:00","5.825","-","5.7"
"2021/05/20","14:00","3.901","-","3.7"
"2021/05/20","15:00","2.175","-","1.94"
"2021/05/20","16:00","1.022","-","0.76"
"2021/05/20","17:00","0.991","-","0.91"
"2021/05/20","18:00","2.152","-","2.05"
"2021/05/20","19:00","3.882","-","3.41"
"2021/05/20","20:00","5.694","-","5.25"
"2021/05/20","21:00","7.44","-","7.09"
"2021/05/20","22:00","8.718","-","8.32"
"2021/05/20","23:00","9.03","-","8.56"
"2021/05/21","00:00","8.315","-","7.98"
"2021/05/21","01:00","6.876","-","6.74"
"2021/05/21","02:00","5.115","-","4.8"
"2021/05/21","03:00","3.37","-","2.99"
"2021/05/21","04:00","1.971","-","1.6"
"2021/05/21","05:00","1.47","-","1.14"
"2021/05/21","06:00","2.238","-","2.14"
"2021/05/21","07:00","3.868","-","3.38"
"2021/05/21","08:00","5.702","-","5.2"
"2021/05/21","09:00","7.49","-","6.99"
"2021/05/21","10:00","8.958","-","8.42"
"2021/05/21","11:00","9.564","-","8.96"
"2021/05/21","12:00","9.057","-","8.49"
"2021/05/21","13:00","7.655","-","7.17"
"2021/05/21","14:00","5.75","-","5.51"
"2021/05/21","15:00","3.724","-","3.38"
"2021/05/21","16:00","1.9","-","1.56"
"2021/05/21","17:00","0.764","-","0.41"
"2021/05/21","18:00","0.884","-","0.68"
"2021/05/21","19:00","2.214","-","1.98"
"2021/05/21","20:00","4.098","-","3.65"
"2021/05/21","21:00","6.11","-","5.64"
"2021/05/21","22:00","8.028","-","7.65"
"2021/05/21","23:00","9.324","-","8.88"
"2021/05/22","00:00","9.52","-","9.08"
"2021/05/22","01:00","8.636","-","8.38"
"2021/05/22","02:00","6.996","-","6.77"
"2021/05/22","03:00","4.996","-","4.86"
"2021/05/22","04:00","3.001","-","2.82"
"2021/05/22","05:00","1.439","-","1.34"
"2021/05/22","06:00","0.931","-","0.81"
"2021/05/22","07:00","1.782","-","1.75"
"2021/05/22","08:00","3.515","-","3.2"
"2021/05/22","09:00","5.524","-","5.09"
"2021/05/22","10:00","7.542","-","7.23"
"2021/05/22","11:00","9.153","-","8.8"
"2021/05/22","12:00","9.774","-","9.47"
"2021/05/22","13:00","9.219","-","9.03"
"2021/05/22","14:00","7.728","-","7.66"
"2021/05/22","15:00","5.684","-","5.82"
"2021/05/22","16:00","3.496","-","3.58"
"2021/05/22","17:00","1.561","-","1.54"
"2021/05/22","18:00","0.453","-","0.4"
"2021/05/22","19:00","0.733","-","0.75"
"2021/05/22","20:00","2.262","-","2.2"
"2021/05/22","21:00","4.379","-","4.18"
"2021/05/22","22:00","6.656","-","6.46"
"2021/05/22","23:00","8.748","-","8.56"
"2021/05/23","00:00","10.039","-","9.9"
"2021/05/23","01:00","10.1","-","9.94"
"2021/05/23","02:00","9.002","-","9.13"
"2021/05/23","03:00","7.082","-","7.16"
"2021/05/23","04:00","4.774","-","5.05"
"2021/05/23","05:00","2.503","-","2.77"
"2021/05/23","06:00","0.776","-","0.79"
"2021/05/23","07:00","0.268","-","0.28"
"2021/05/23","08:00","1.231","-","1.34"
"2021/05/23","09:00","3.141","-","3.01"
"2021/05/23","10:00","5.399","-","5.14"
"2021/05/23","11:00","7.669","-","7.54"
"2021/05/23","12:00","9.417","-","9.22"
"2021/05/23","13:00","10.05","-","9.97"
"2021/05/23","14:00","9.424","-","9.22"
"2021/05/23","15:00","7.789","-","7.82"
"2021/05/23","16:00","5.565","-","5.72"
"2021/05/23","17:00","3.208","-","3.26"
"2021/05/23","18:00","1.171","-","1.24"
"2021/05/23","19:00","0.111","-","0.07"
"2021/05/23","20:00","0.587","-","0.68"
"2021/05/23","21:00","2.377","-","2.61"
"2021/05/23","22:00","4.774","-","4.82"
"2021/05/23","23:00","7.315","-","7.23"
"2021/05/24","00:00","9.545","-","9.72"
"2021/05/24","01:00","10.795","-","10.63"
"2021/05/24","02:00","10.675","-","10.56"
"2021/05/24","03:00","9.3","-","9.17"
"2021/05/24","04:00","7.059","-","6.86"
"2021/05/24","05:00","4.441","-","4.52"
"2021/05/24","06:00","1.903","-","2"
"2021/05/24","07:00","0.034","-","0.15"
"2021/05/24","08:00","-0.423","-","-0.22"
"2021/05/24","09:00","0.72","-","1.11"
"2021/05/24","10:00","2.859","-","3.06"
"2021/05/24","11:00","5.378","-","5.47"
"2021/05/24","12:00","7.878","-","7.86"
"2021/05/24","13:00","9.731","-","9.75"
"2021/05/24","14:00","10.332","-","10.26"
"2021/05/24","15:00","9.58","-","9.56"
"2021/05/24","16:00","7.773","-","7.75"
"2021/05/24","17:00","5.379","-","5.48"
"2021/05/24","18:00","2.87","-","2.95"
"2021/05/24","19:00","0.755","-","0.7"
"2021/05/24","20:00","-0.205","-","-0.17"
"2021/05/24","21:00","0.532","-","0.72"
"2021/05/24","22:00","2.611","-","2.68"
"2021/05/24","23:00","5.272","-","5.09"
"2021/05/25","00:00","8.031","-","7.86"
"2021/05/25","01:00","10.34","-","10.21"
"2021/05/25","02:00","11.481","-","11.19"
"2021/05/25","03:00","11.118","-","10.82"
"2021/05/25","04:00","9.444","-","9.01"
"2021/05/25","05:00","6.91","-","6.73"
"2021/05/25","06:00","4.018","-","3.84"
"2021/05/25","07:00","1.251","-","0.85"
"2021/05/25","08:00","-0.687","-","-1.28"
"2021/05/25","09:00","-1.002","-","-1.56"
"2021/05/25","10:00","0.37","-","-0.05"
"2021/05/25","11:00","2.729","-","2.08"
"2021/05/25","12:00","5.476","-","4.6"
"2021/05/25","13:00","8.151","-","7.47"
"2021/05/25","14:00","10.033","-","9.48"
"2021/05/25","15:00","10.53","-","10.06"
"2021/05/25","16:00","9.622","-","9.26"
"2021/05/25","17:00","7.665","-","7.42"
"2021/05/25","18:00","5.133","-","4.98"
"2021/05/25","19:00","2.499","-","2.36"
"2021/05/25","20:00","0.367","-","0.03"
"2021/05/25","21:00","-0.405","-","-0.82"
"2021/05/25","22:00","0.629","-","0.28"
"2021/05/25","23:00","2.962","-","2.54"
"2021/05/26","00:00","5.826","-","5.34"
"2021/05/26","01:00","8.728","-","8.07"
"2021/05/26","02:00","11.021","-","10.42"
"2021/05/26","03:00","11.969","-","11.41"
"2021/05/26","04:00","11.342","-","10.78"
"2021/05/26","05:00","9.413","-","8.92"
"2021/05/26","06:00","6.649","-","6.29"
"2021/05/26","07:00","3.541","-","3.33"
"2021/05/26","08:00","0.634","-","0.33"
"2021/05/26","09:00","-1.251","-","-1.82"
"2021/05/26","10:00","-1.349","-","-1.96"
"2021/05/26","11:00","0.239","-","-0.23"
"2021/05/26","12:00","2.77","-","2.12"
"2021/05/26","13:00","5.678","-","5"
"2021/05/26","14:00","8.429","-","7.95"
"2021/05/26","15:00","10.235","-","9.86"
"2021/05/26","16:00","10.583","-","10.37"
"2021/05/26","17:00","9.541","-","9.46"
"2021/05/26","18:00","7.474","-","7.52"
"2021/05/26","19:00","4.841","-","5.01"
"2021/05/26","20:00","2.146","-","2.34"
"2021/05/26","21:00","0.098","-","0.07"
"2021/05/26","22:00","-0.422","-","-0.57"
"2021/05/26","23:00","0.882","-","0.87"
"2021/05/27","00:00","3.391","-","3.28"
"2021/05/27","01:00","6.372","-","6.23"
"2021/05/27","02:00","9.304","-","8.94"
"2021/05/27","03:00","11.467","-","11.35"
"2021/05/27","04:00","12.182","-","12.2"
"2021/05/27","05:00","11.333","-","11.39"
"2021/05/27","06:00","9.223","-","9.28"
"2021/05/27","07:00","6.303","-","6.52"
"2021/05/27","08:00","3.079","-","3.51"
"2021/05/27","09:00","0.169","-","0.43"
"2021/05/27","10:00","-1.554","-","-1.51"
"2021/05/27","11:00","-1.419","-","-1.63"
"2021/05/27","12:00","0.334","-","0.14"
"2021/05/27","13:00","2.963","-","2.56"
"2021/05/27","14:00","5.926","-","5.39"
"2021/05/27","15:00","8.626","-","8.21"
"2021/05/27","16:00","10.283","-","10.06"
"2021/05/27","17:00","10.49","-","10.3"
"2021/05/27","18:00","9.352","-","9.29"
"2021/05/27","19:00","7.215","-","7.37"
"2021/05/27","20:00","4.547","-","4.7"
"2021/05/27","21:00","1.893","-","2.06"
"2021/05/27","22:00","0.014","-","0.07"
"2021/05/27","23:00","-0.249","-","-0.36"
"2021/05/28","00:00","1.256","-","1.46"
"2021/05/28","01:00","3.845","-","3.73"
"2021/05/28","02:00","6.822","-","6.63"
"2021/05/28","03:00","9.656","-","9.43"
"2021/05/28","04:00","11.618","-","11.51"
"2021/05/28","05:00","12.121","-","12.06"
"2021/05/28","06:00","11.116","-","10.97"
"2021/05/28","07:00","8.9","-","8.86"
"2021/05/28","08:00","5.928","-","6.15"
"2021/05/28","09:00","2.726","-","2.96"
"2021/05/28","10:00","-0.065","-","0.19"
"2021/05/28","11:00","-1.571","-","-1.53"
"2021/05/28","12:00","-1.224","-","-1.24"
"2021/05/28","13:00","0.623","-","0.64"
"2021/05/28","14:00","3.244","-","3.11"
"2021/05/28","15:00","6.135","-","5.94"
"2021/05/28","16:00","8.694","-","8.82"
"2021/05/28","17:00","10.19","-","10.23"
"2021/05/28","18:00","10.28","-","10.37"
"2021/05/28","19:00","9.078","-","9.17"
"2021/05/28","20:00","6.933","-","7.25"
"2021/05/28","21:00","4.326","-","4.67"
"2021/05/28","22:00","1.799","-","1.95"
"2021/05/28","23:00","0.12","-","0.18"
"2021/05/29","00:00","0.082","-","-0.07"
"2021/05/29","01:00","1.7","-","1.65"
"2021/05/29","02:00","4.244","-","4.02"
"2021/05/29","03:00","7.088","-","6.86"
"2021/05/29","04:00","9.738","-","9.66"
"2021/05/29","05:00","11.492","-","11.56"
"2021/05/29","06:00","11.828","-","12.03"
"2021/05/29","07:00","10.726","-","11.09"
"2021/05/29","08:00","8.498","-","8.96"
"2021/05/29","09:00","5.605","-","6.48"
"2021/05/29","10:00","2.543","-","3.52"
"2021/05/29","11:00","-0.059","-","1.07"
"2021/05/29","12:00","-1.329","-","-0.41"
"2021/05/29","13:00","-0.814","-","-0.2"
"2021/05/29","14:00","1.028","-","1.8"
"2021/05/29","15:00","3.523","-","4.04"
"2021/05/29","16:00","6.259","-","6.77"
"2021/05/29","17:00","8.652","-","9.27"
"2021/05/29","18:00","9.993","-","10.89"
"2021/05/29","19:00","9.984","-","10.86"
"2021/05/29","20:00","8.766","-","9.43"
"2021/05/29","21:00","6.7","-","7.65"
"2021/05/29","22:00","4.231","-","5.1"
"2021/05/29","23:00","1.864","-","2.87"
"2021/05/30","00:00","0.386","-","1.2"
"2021/05/30","01:00","0.521","-","1.27"
"2021/05/30","02:00","2.137","-","2.84"
"2021/05/30","03:00","4.505","-","4.95"
"2021/05/30","04:00","7.135","-","7.51"
"2021/05/30","05:00","9.584","-","10.02"
"2021/05/30","06:00","11.151","-","11.69"
"2021/05/30","07:00","11.356","-","11.86"
"2021/05/30","08:00","10.231","-","10.84"
"2021/05/30","09:00","8.101","-","8.87"
"2021/05/30","10:00","5.388","-","6.28"
"2021/05/30","11:00","2.525","-","3.48"
"2021/05/30","12:00","0.148","-","0.99"
"2021/05/30","13:00","-0.889","-","-0.26"
"2021/05/30","14:00","-0.281","-","0.4"
"2021/05/30","15:00","1.446","-","2"
"2021/05/30","16:00","3.75","-","4.1"
"2021/05/30","17:00","6.318","-","6.7"
"2021/05/30","18:00","8.542","-","8.99"
"2021/05/30","19:00","9.732","-","10.6"
"2021/05/30","20:00","9.658","-","10.45"
"2021/05/30","21:00","8.491","-","9.24"
"2021/05/30","22:00","6.566","-","7.53"
"2021/05/30","23:00","4.255","-","5.08"
"2021/05/31","00:00","2.053","-","2.91"
"2021/05/31","01:00","0.758","-","1.17"
"2021/05/31","02:00","0.984","-","1.19"
"2021/05/31","03:00","2.473","-","2.79"
"2021/05/31","04:00","4.592","-","4.86"
"2021/05/31","05:00","7.001","-","7.14"
"2021/05/31","06:00","9.261","-","9.44"
"2021/05/31","07:00","10.656","-","10.97"
"2021/05/31","08:00","10.781","-","11.16"
"2021/05/31","09:00","9.718","-","10.19"
"2021/05/31","10:00","7.766","-","8.3"
"2021/05/31","11:00","5.275","-","5.78"
"2021/05/31","12:00","2.636","-","3.17"
"2021/05/31","13:00","0.499","-","0.95"
"2021/05/31","14:00","-0.346","-","-0.28"
"2021/05/31","15:00","0.263","-","0.36"
"2021/05/31","16:00","1.817","-","2.03"
"2021/05/31","17:00","3.938","-","4.03"
"2021/05/31","18:00","6.351","-","6.53"
"2021/05/31","19:00","8.405","-","8.69"
"2021/05/31","20:00","9.465","-","9.81"
"2021/05/31","21:00","9.377","-","9.73"
"2021/05/31","22:00","8.305","-","8.61"
"2021/05/31","23:00","6.526","-","6.92"
"2021/06/01","00:00","4.366","-","4.71"
"2021/06/01","01:00","2.317","-","2.49"
"2021/06/01","02:00","1.154","-","1.22"
"2021/06/01","03:00","1.368","-","1.08"
"2021/06/01","04:00","2.658","-","2.48"
"2021/06/01","05:00","4.532","-","4.3"
"2021/06/01","06:00","6.748","-","6.53"
"2021/06/01","07:00","8.831","-","8.71"
"2021/06/01","08:00","10.09","-","10.21"
"2021/06/01","09:00","10.203","-","10.35"
"2021/06/01","10:00","9.259","-","9.52"
"2021/06/01","11:00","7.504","-","7.6"
"2021/06/01","12:00","5.238","-","5.36"
"2021/06/01","13:00","2.827","-","2.99"
"2021/06/01","14:00","0.905","-","0.85"
"2021/06/01","15:00","0.187","-","-0.13"
"2021/06/01","16:00","0.747","-","0.46"
"2021/06/01","17:00","2.143","-","1.82"
"2021/06/01","18:00","4.119","-","3.87"
"2021/06/01","19:00","6.391","-","6.03"
"2021/06/01","20:00","8.294","-","8.13"
"2021/06/01","21:00","9.268","-","9.17"
"2021/06/01","22:00","9.195","-","9.06"
"2021/06/01","23:00","8.208","-","8.11"
"2021/06/02","00:00","6.551","-","6.54"
"2021/06/02","01:00","4.517","-","4.61"
"2021/06/02","02:00","2.574","-","2.5"
"2021/06/02","03:00","1.467","-","1.19"
"2021/06/02","04:00","1.61","-","1.24"
"2021/06/02","05:00","2.704","-","2.47"
"2021/06/02","06:00","4.374","-","4.22"
"2021/06/02","07:00","6.429","-","6.19"
"2021/06/02","08:00","8.373","-","8.24"
"2021/06/02","09:00","9.555","-","9.65"
"2021/06/02","10:00","9.7","-","9.81"
"2021/06/02","11:00","8.877","-","8.99"
"2021/06/02","12:00","7.306","-","7.44"
"2021/06/02","13:00","5.251","-","5.48"
"2021/06/02","14:00","3.029","-","3.34"
"2021/06/02","15:00","1.268","-","1.4"
"2021/06/02","16:00","0.639","-","0.61"
"2021/06/02","17:00","1.161","-","1.2"
"2021/06/02","18:00","2.447","-","2.59"
"2021/06/02","19:00","4.319","-","4.32"
"2021/06/02","20:00","6.484","-","6.47"
"2021/06/02","21:00","8.28","-","8.3"
"2021/06/02","22:00","9.191","-","9.29"
"2021/06/02","23:00","9.112","-","9.13"
"2021/06/03","00:00","8.175","-","8.19"
"2021/06/03","01:00","6.604","-","6.69"
"2021/06/03","02:00","4.634","-","4.76"
"2021/06/03","03:00","2.724","-","2.78"
"2021/06/03","04:00","1.628","-","1.56"
"2021/06/03","05:00","1.705","-","1.64"
"2021/06/03","06:00","2.642","-","2.65"
"2021/06/03","07:00","4.162","-","4.21"
"2021/06/03","08:00","6.116","-","6.18"
"2021/06/03","09:00","7.985","-","8.1"
"2021/06/03","10:00","9.132","-","9.52"
"2021/06/03","11:00","9.304","-","9.67"
"2021/06/03","12:00","8.578","-","8.95"
"2021/06/03","13:00","7.163","-","7.47"
"2021/06/03","14:00","5.259","-","5.57"
"2021/06/03","15:00","3.155","-","3.58"
"2021/06/03","16:00","1.522","-","1.79"
"2021/06/03","17:00","0.997","-","1.09"
"2021/06/03","18:00","1.519","-","1.71"
"2021/06/03","19:00","2.744","-","3.07"
"2021/06/03","20:00","4.573","-","4.71"
"2021/06/03","21:00","6.691","-","6.65"
"2021/06/03","22:00","8.404","-","8.49"
"2021/06/03","23:00","9.231","-","9.44"
"2021/06/04","00:00","9.107","-","9.3"
"2021/06/04","01:00","8.176","-","8.41"
"2021/06/04","02:00","6.617","-","6.7"
"2021/06/04","03:00","4.621","-","4.89"
"2021/06/04","04:00","2.7","-","2.97"
"2021/06/04","05:00","1.629","-","1.73"
"2021/06/04","06:00","1.672","-","1.77"
"2021/06/04","07:00","2.505","-","2.62"
"2021/06/04","08:00","3.958","-","4.09"
"2021/06/04","09:00","5.9","-","6.15"
"2021/06/04","10:00","7.743","-","7.95"
"2021/06/04","11:00","8.852","-","9.14"
"2021/06/04","12:00","9.026","-","9.4"
"2021/06/04","13:00","8.363","-","8.55"
"2021/06/04","14:00","7.034","-","7.18"
"2021/06/04","15:00","5.187","-","5.46"
"2021/06/04","16:00","3.152","-","3.46"
"2021/06/04","17:00","1.661","-","1.86"
"2021/06/04","18:00","1.271","-","1.17"
"2021/06/04","19:00","1.829","-","2.03"
"2021/06/04","20:00","3.068","-","3.28"
"2021/06/04","21:00","4.94","-","5.03"
"2021/06/04","22:00","7.046","-","6.84"
"2021/06/04","23:00","8.657","-","8.61"
"2021/06/05","00:00","9.361","-","9.51"
"2021/06/05","01:00","9.147","-","9.3"
"2021/06/05","02:00","8.147","-","8.26"
"2021/06/05","03:00","6.499","-","6.66"
"2021/06/05","04:00","4.416","-","4.66"
"2021/06/05","05:00","2.496","-","2.96"
"2021/06/05","06:00","1.488","-","1.64"
"2021/06/05","07:00","1.539","-","1.66"
"2021/06/05","08:00","2.356","-","2.76"
"2021/06/05","09:00","3.858","-","4.21"
"2021/06/05","10:00","5.856","-","6.11"
"2021/06/05","11:00","7.674","-","7.88"
"2021/06/05","12:00","8.723","-","9.14"
"2021/06/05","13:00","8.865","-","9.34"
"2021/06/05","14:00","8.193","-","8.55"
"2021/06/05","15:00","6.848","-","7.15"
"2021/06/05","16:00","4.986","-","5.36"
"2021/06/05","17:00","3.017","-","3.67"
"2021/06/05","18:00","1.698","-","2.15"
"2021/06/05","19:00","1.47","-","1.67"
"2021/06/05","20:00","2.13","-","2.52"
"2021/06/05","21:00","3.482","-","3.97"
"2021/06/05","22:00","5.454","-","5.82"
"2021/06/05","23:00","7.533","-","7.64"
"2021/06/06","00:00","9.003","-","9.24"
"2021/06/06","01:00","9.542","-","9.91"
"2021/06/06","02:00","9.167","-","9.46"
"2021/06/06","03:00","7.999","-","8.14"
"2021/06/06","04:00","6.19","-","6.43"
"2021/06/06","05:00","4.018","-","4.58"
"2021/06/06","06:00","2.137","-","2.53"
"2021/06/06","07:00","1.236","-","1.46"
"2021/06/06","08:00","1.374","-","1.56"
"2021/06/06","09:00","2.295","-","2.69"
"2021/06/06","10:00","3.938","-","4.24"
"2021/06/06","11:00","6.005","-","6.04"
"2021/06/06","12:00","7.776","-","7.83"
"2021/06/06","13:00","8.732","-","8.97"
"2021/06/06","14:00","8.774","-","9.01"
"2021/06/06","15:00","7.994","-","8.15"
"2021/06/06","16:00","6.551","-","6.68"
"2021/06/06","17:00","4.652","-","4.9"
"2021/06/06","18:00","2.768","-","3.1"
"2021/06/06","19:00","1.65","-","1.79"
"2021/06/06","20:00","1.639","-","1.67"
"2021/06/06","21:00","2.491","-","2.75"
"2021/06/06","22:00","4.028","-","4.37"
"2021/06/06","23:00","6.1","-","6.18"
"2021/06/07","00:00","8.111","-","8.13"
"2021/06/07","01:00","9.396","-","9.53"
"2021/06/07","02:00","9.703","-","9.94"
"2021/06/07","03:00","9.074","-","9.26"
"2021/06/07","04:00","7.671","-","7.68"
"2021/06/07","05:00","5.688","-","5.9"
"2021/06/07","06:00","3.453","-","3.81"
"2021/06/07","07:00","1.662","-","1.93"
"2021/06/07","08:00","0.947","-","1.04"
"2021/06/07","09:00","1.283","-","1.5"
"2021/06/07","10:00","2.407","-","2.64"
"2021/06/07","11:00","4.223","-","4.46"
"2021/06/07","12:00","6.337","-","6.24"
"2021/06/07","13:00","8.023","-","8.06"
"2021/06/07","14:00","8.82","-","8.97"
"2021/06/07","15:00","8.667","-","8.8"
"2021/06/07","16:00","7.702","-","7.84"
"2021/06/07","17:00","6.134","-","6.24"
"2021/06/07","18:00","4.198","-","4.36"
"2021/06/07","19:00","2.427","-","2.65"
"2021/06/07","20:00","1.571","-","1.75"
"2021/06/07","21:00","1.859","-","2.06"
"2021/06/07","22:00","2.971","-","3.26"
"2021/06/07","23:00","4.706","-","4.89"
"2021/06/08","00:00","6.84","-","6.76"
"2021/06/08","01:00","8.729","-","8.59"
"2021/06/08","02:00","9.758","-","9.7"
"2021/06/08","03:00","9.745","-","9.74"
"2021/06/08","04:00","8.804","-","8.74"
"2021/06/08","05:00","7.157","-","6.99"
"2021/06/08","06:00","5.018","-","4.92"
"2021/06/08","07:00","2.765","-","2.8"
"2021/06/08","08:00","1.152","-","1.15"
"2021/06/08","09:00","0.736","-","0.58"
"2021/06/08","10:00","1.359","-","1.36"
"2021/06/08","11:00","2.723","-","2.66"
"2021/06/08","12:00","4.7","-","4.54"
"2021/06/08","13:00","6.817","-","6.46"
"2021/06/08","14:00","8.343","-","8.14"
"2021/06/08","15:00","8.887","-","8.83"
"2021/06/08","16:00","8.47","-","8.39"
"2021/06/08","17:00","7.299","-","7.26"
"2021/06/08","18:00","5.601","-","5.56"
"2021/06/08","19:00","3.646","-","3.84"
"2021/06/08","20:00","2.055","-","2.29"
"2021/06/08","21:00","1.554","-","1.45"
"2021/06/08","22:00","2.203","-","2.27"
"2021/06/08","23:00","3.584","-","3.77"
"2021/06/09","00:00","5.488","-","5.67"
"2021/06/09","01:00","7.626","-","7.69"
"2021/06/09","02:00","9.309","-","9.31"
"2021/06/09","03:00","9.991","-","10.04"
"2021/06/09","04:00","9.605","-","9.79"
"2021/06/09","05:00","8.351","-","8.36"
"2021/06/09","06:00","6.478","-","6.55"
"2021/06/09","07:00","4.216","-","4.52"
"2021/06/09","08:00","2.033","-","2.36"
"2021/06/09","09:00","0.726","-","1.03"
"2021/06/09","10:00","0.698","-","0.93"
"2021/06/09","11:00","1.637","-","2.2"
"2021/06/09","12:00","3.235","-","3.85"
"2021/06/09","13:00","5.331","-","5.77"
"2021/06/09","14:00","7.364","-","7.56"
"2021/06/09","15:00","8.629","-","8.93"
"2021/06/09","16:00","8.855","-","9.08"
"2021/06/09","17:00","8.159","-","8.5"
"2021/06/09","18:00","6.783","-","7.05"
"2021/06/09","19:00","4.965","-","5.33"
"2021/06/09","20:00","3.051","-","3.46"
"2021/06/09","21:00","1.749","-","2.23"
"2021/06/09","22:00","1.679","-","2.18"
"2021/06/09","23:00","2.692","-","3.29"
"2021/06/10","00:00","4.314","-","4.99"
"2021/06/10","01:00","6.335","-","6.88"
"2021/06/10","02:00","8.383","-","8.74"
"2021/06/10","03:00","9.754","-","10.1"
"2021/06/10","04:00","10.033","-","10.37"
"2021/06/10","05:00","9.279","-","9.57"
"2021/06/10","06:00","7.735","-","7.86"
"2021/06/10","07:00","5.665","-","5.83"
"2021/06/10","08:00","3.355","-","3.53"
"2021/06/10","09:00","1.371","-","1.75"
"2021/06/10","10:00","0.476","-","0.74"
"2021/06/10","11:00","0.866","-","1.12"
"2021/06/10","12:00","2.108","-","2.53"
"2021/06/10","13:00","3.905","-","4.34"
"2021/06/10","14:00","6.034","-","6.34"
"2021/06/10","15:00","7.87","-","8.21"
"2021/06/10","16:00","8.801","-","9.09"
"2021/06/10","17:00","8.697","-","8.92"
"2021/06/10","18:00","7.73","-","7.98"
"2021/06/10","19:00","6.16","-","6.29"
"2021/06/10","20:00","4.274","-","4.51"
"2021/06/10","21:00","2.51","-","2.81"
"2021/06/10","22:00","1.593","-","1.92"
"2021/06/10","23:00","1.972","-","2.32"
"2021/06/11","00:00","3.316","-","3.83"
"2021/06/11","01:00","5.128","-","5.61"
"2021/06/11","02:00","7.177","-","7.55"
"2021/06/11","03:00","9.019","-","9.29"
"2021/06/11","04:00","10.009","-","10.37"
"2021/06/11","05:00","9.886","-","10.27"
"2021/06/11","06:00","8.786","-","8.92"
"2021/06/11","07:00","6.981","-","7.13"
"2021/06/11","08:00","4.779","-","4.99"
"2021/06/11","09:00","2.537","-","2.84"
"2021/06/11","10:00","0.87","-","1.29"
"2021/06/11","11:00","0.436","-","0.78"
"2021/06/11","12:00","1.23","-","1.71"
"2021/06/11","13:00","2.738","-","3.29"
"2021/06/11","14:00","4.656","-","5.12"
"2021/06/11","15:00","6.703","-","7.1"
"2021/06/11","16:00","8.26","-","8.73"
"2021/06/11","17:00","8.844","-","9.12"
"2021/06/11","18:00","8.417","-","8.88"
"2021/06/11","19:00","7.188","-","7.56"
"2021/06/11","20:00","5.471","-","5.85"
"2021/06/11","21:00","3.613","-","4.05"
"2021/06/11","22:00","2.099","-","2.41"
"2021/06/11","23:00","1.612","-","1.89"
"2021/06/12","00:00","2.42","-","2.86"
"2021/06/12","01:00","4.041","-","4.55"
"2021/06/12","02:00","5.959","-","6.4"
"2021/06/12","03:00","7.924","-","8.22"
"2021/06/12","04:00","9.48","-","9.69"
"2021/06/12","05:00","10.081","-","10.4"
"2021/06/12","06:00","9.577","-","9.84"
"2021/06/12","07:00","8.154","-","8.47"
"2021/06/12","08:00","6.144","-","6.32"
"2021/06/12","09:00","3.912","-","4.07"
"2021/06/12","10:00","1.845","-","2.13"
"2021/06/12","11:00","0.559","-","0.84"
"2021/06/12","12:00","0.594","-","1.03"
"2021/06/12","13:00","1.756","-","2.25"
"2021/06/12","14:00","3.454","-","3.98"
"2021/06/12","15:00","5.393","-","5.87"
"2021/06/12","16:00","7.277","-","7.9"
"2021/06/12","17:00","8.53","-","9.22"
"2021/06/12","18:00","8.769","-","9.22"
"2021/06/12","19:00","8.025","-","8.3"
"2021/06/12","20:00","6.574","-","6.94"
"2021/06/12","21:00","4.794","-","5.19"
"2021/06/12","22:00","3.05","-","3.48"
"2021/06/12","23:00","1.839","-","2.36"
"2021/06/13","00:00","1.788","-","2.39"
"2021/06/13","01:00","2.983","-","3.73"
"2021/06/13","02:00","4.795","-","5.44"
"2021/06/13","03:00","6.714","-","7.18"
"2021/06/13","04:00","8.522","-","9.14"
"2021/06/13","05:00","9.774","-","10.34"
"2021/06/13","06:00","9.998","-","10.5"
"2021/06/13","07:00","9.13","-","9.51"
"2021/06/13","08:00","7.435","-","7.75"
"2021/06/13","09:00","5.311","-","5.67"
"2021/06/13","10:00","3.139","-","3.43"
"2021/06/13","11:00","1.307","-","1.64"
"2021/06/13","12:00","0.433","-","0.79"
"2021/06/13","13:00","0.92","-","1.44"
"2021/06/13","14:00","2.375","-","2.87"
"2021/06/13","15:00","4.168","-","4.62"
"2021/06/13","16:00","6.06","-","6.61"
"2021/06/13","17:00","7.757","-","8.45"
"2021/06/13","18:00","8.702","-","9.22"
"2021/06/13","19:00","8.596","-","8.98"
"2021/06/13","20:00","7.565","-","7.9"
"2021/06/13","21:00","5.964","-","6.37"
"2021/06/13","22:00","4.191","-","4.37"
"2021/06/13","23:00","2.602","-","2.69"
"2021/06/14","00:00","1.714","-","1.98"
"2021/06/14","01:00","2.083","-","2.54"
"2021/06/14","02:00","3.58","-","4.01"
"2021/06/14","03:00","5.475","-","5.71"
"2021/06/14","04:00","7.333","-","7.73"
"2021/06/14","05:00","8.968","-","9.48"
"2021/06/14","06:00","9.921","-","10.39"
"2021/06/14","07:00","9.781","-","10.19"
"2021/06/14","08:00","8.594","-","8.88"
"2021/06/14","09:00","6.709","-","7.07"
"2021/06/14","10:00","4.553","-","4.84"
"2021/06/14","11:00","2.487","-","2.69"
"2021/06/14","12:00","0.926","-","1.22"
"2021/06/14","13:00","0.473","-","0.87"
"2021/06/14","14:00","1.353","-","1.75"
"2021/06/14","15:00","3.002","-","3.43"
"2021/06/14","16:00","4.83","-","5.29"
"2021/06/14","17:00","6.666","-","7.28"
"2021/06/14","18:00","8.17","-","8.93"
"2021/06/14","19:00","8.8","-","9.4"
"2021/06/14","20:00","8.37","-","8.74"
"2021/06/14","21:00","7.113","-","7.61"
"2021/06/14","22:00","5.42","-","5.86"
"2021/06/14","23:00","3.68","-","4.01"
"2021/06/15","00:00","2.258","-","2.64"
"2021/06/15","01:00","1.691","-","2.13"
"2021/06/15","02:00","2.416","-","3.13"
"2021/06/15","03:00","4.103","-","4.57"
"2021/06/15","04:00","6.01","-","6.47"
"2021/06/15","05:00","7.802","-","8.4"
"2021/06/15","06:00","9.275","-","9.91"
"2021/06/15","07:00","9.936","-","10.54"
"2021/06/15","08:00","9.472","-","9.98"
"2021/06/15","09:00","8.045","-","8.53"
"2021/06/15","10:00","6.046","-","6.7"
"2021/06/15","11:00","3.899","-","4.39"
"2021/06/15","12:00","1.968","-","2.43"
"2021/06/15","13:00","0.695","-","1.26"
"2021/06/15","14:00","0.631","-","1.37"
"2021/06/15","15:00","1.813","-","2.52"
"2021/06/15","16:00","3.588","-","4.29"
"2021/06/15","17:00","5.45","-","5.98"
"2021/06/15","18:00","7.234","-","8.07"
"2021/06/15","19:00","8.535","-","9.23"
"2021/06/15","20:00","8.864","-","9.5"
"2021/06/15","21:00","8.166","-","8.81"
"2021/06/15","22:00","6.731","-","7.5"
"2021/06/15","23:00","4.963","-","5.66"
"2021/06/16","00:00","3.256","-","3.83"
"2021/06/16","01:00","1.994","-","2.4"
"2021/06/16","02:00","1.701","-","2.36"
"2021/06/16","03:00","2.679","-","3.44"
"2021/06/16","04:00","4.471","-","5.03"
"2021/06/16","05:00","6.378","-","6.87"
"2021/06/16","06:00","8.122","-","8.75"
"2021/06/16","07:00","9.441","-","10.01"
"2021/06/16","08:00","9.848","-","10.46"
"2021/06/16","09:00","9.141","-","9.68"
"2021/06/16","10:00","7.55","-","7.88"
"2021/06/16","11:00","5.481","-","6.02"
"2021/06/16","12:00","3.37","-","3.72"
"2021/06/16","13:00","1.589","-","1.95"
"2021/06/16","14:00","0.584","-","0.91"
"2021/06/16","15:00","0.837","-","1.38"
"2021/06/16","16:00","2.248","-","2.82"
"2021/06/16","17:00","4.135","-","4.56"
"2021/06/16","18:00","6.042","-","6.57"
"2021/06/16","19:00","7.773","-","8.37"
"2021/06/16","20:00","8.882","-","9.44"
"2021/06/16","21:00","8.961","-","9.46"
"2021/06/16","22:00","8.039","-","8.41"
"2021/06/16","23:00","6.44","-","6.87"
"2021/06/17","00:00","4.597","-","4.97"
"2021/06/17","01:00","2.912","-","3.21"
"2021/06/17","02:00","1.762","-","1.99"
"2021/06/17","03:00","1.653","-","2.15"
"2021/06/17","04:00","2.796","-","3.39"
"2021/06/17","05:00","4.658","-","4.86"
"2021/06/17","06:00","6.574","-","6.81"
"2021/06/17","07:00","8.286","-","8.53"
"2021/06/17","08:00","9.488","-","9.77"
"2021/06/17","09:00","9.718","-","9.89"
"2021/06/17","10:00","8.847","-","8.84"
"2021/06/17","11:00","7.141","-","7.34"
"2021/06/17","12:00","5.038","-","5.3"
"2021/06/17","13:00","2.983","-","3.14"
"2021/06/17","14:00","1.332","-","1.44"
"2021/06/17","15:00","0.534","-","0.72"
"2021/06/17","16:00","1.042","-","1.6"
"2021/06/17","17:00","2.652","-","2.92"
"2021/06/17","18:00","4.645","-","4.71"
"2021/06/17","19:00","6.602","-","6.95"
"2021/06/17","20:00","8.297","-","8.59"
"2021/06/17","21:00","9.26","-","9.54"
"2021/06/17","22:00","9.133","-","9.22"
"2021/06/17","23:00","8.004","-","8.15"
"2021/06/18","00:00","6.248","-","6.58"
"2021/06/18","01:00","4.325","-","4.57"
"2021/06/18","02:00","2.612","-","2.75"
"2021/06/18","03:00","1.487","-","1.65"
"2021/06/18","04:00","1.485","-","1.93"
"2021/06/18","05:00","2.749","-","3.12"
"2021/06/18","06:00","4.661","-","4.79"
"2021/06/18","07:00","6.594","-","6.77"
"2021/06/18","08:00","8.316","-","8.55"
"2021/06/18","09:00","9.476","-","9.76"
"2021/06/18","10:00","9.605","-","9.75"
"2021/06/18","11:00","8.623","-","8.73"
"2021/06/18","12:00","6.846","-","7.04"
"2021/06/18","13:00","4.74","-","4.93"
"2021/06/18","14:00","2.726","-","2.83"
"2021/06/18","15:00","1.143","-","1.11"
"2021/06/18","16:00","0.501","-","0.63"
"2021/06/18","17:00","1.233","-","1.59"
"2021/06/18","18:00","3.015","-","3.01"
"2021/06/18","19:00","5.104","-","4.98"
"2021/06/18","20:00","7.133","-","7.17"
"2021/06/18","21:00","8.838","-","8.96"
"2021/06/18","22:00","9.694","-","9.72"
"2021/06/18","23:00","9.381","-","9.5"
"2021/06/19","00:00","8.062","-","8.3"
"2021/06/19","01:00","6.159","-","6.54"
"2021/06/19","02:00","4.12","-","4.48"
"2021/06/19","03:00","2.296","-","2.53"
"2021/06/19","04:00","1.126","-","1.38"
"2021/06/19","05:00","1.194","-","1.71"
"2021/06/19","06:00","2.542","-","2.94"
"2021/06/19","07:00","4.486","-","4.58"
"2021/06/19","08:00","6.471","-","6.53"
"2021/06/19","09:00","8.278","-","8.49"
"2021/06/19","10:00","9.461","-","9.57"
"2021/06/19","11:00","9.537","-","9.79"
"2021/06/19","12:00","8.492","-","8.7"
"2021/06/19","13:00","6.688","-","7.11"
"2021/06/19","14:00","4.577","-","5.19"
"2021/06/19","15:00","2.546","-","2.9"
"2021/06/19","16:00","0.978","-","1.39"
"2021/06/19","17:00","0.47","-","0.95"
"2021/06/19","18:00","1.397","-","1.99"
"2021/06/19","19:00","3.313","-","3.61"
"2021/06/19","20:00","5.507","-","5.63"
"2021/06/19","21:00","7.659","-","7.8"
"2021/06/19","22:00","9.411","-","9.64"
"2021/06/19","23:00","10.172","-","10.41"
"2021/06/20","00:00","9.691","-","10.08"
"2021/06/20","01:00","8.206","-","8.64"
"2021/06/20","02:00","6.143","-","6.72"
"2021/06/20","03:00","3.924","-","4.38"
"2021/06/20","04:00","1.925","-","2.29"
"2021/06/20","05:00","0.684","-","0.96"
"2021/06/20","06:00","0.796","-","1.41"
"2021/06/20","07:00","2.193","-","2.48"
"2021/06/20","08:00","4.181","-","4.36"
"2021/06/20","09:00","6.289","-","6.47"
"2021/06/20","10:00","8.241","-","8.49"
"2021/06/20","11:00","9.478","-","9.81"
"2021/06/20","12:00","9.536","-","9.8"
"2021/06/20","13:00","8.473","-","8.75"
"2021/06/20","14:00","6.649","-","7.24"
"2021/06/20","15:00","4.49","-","4.96"
"2021/06/20","16:00","2.394","-","2.79"
"2021/06/20","17:00","0.822","-","1.06"
"2021/06/20","18:00","0.428","-","0.83"
"2021/06/20","19:00","1.507","-","1.96"
"2021/06/20","20:00","3.544","-","3.76"
"2021/06/20","21:00","5.884","-","6.02"
"2021/06/20","22:00","8.195","-","8.24"
"2021/06/20","23:00","9.992","-","10.18"
"2021/06/21","00:00","10.665","-","10.9"
"2021/06/21","01:00","10.044","-","10.28"
"2021/06/21","02:00","8.395","-","8.75"
"2021/06/21","03:00","6.134","-","6.67"
"2021/06/21","04:00","3.694","-","4.16"
"2021/06/21","05:00","1.506","-","1.95"
"2021/06/21","06:00","0.187","-","0.53"
"2021/06/21","07:00","0.32","-","0.75"
"2021/06/21","08:00","1.763","-","2.14"
"2021/06/21","09:00","3.847","-","4.15"
"2021/06/21","10:00","6.134","-","6.39"
"2021/06/21","11:00","8.247","-","8.7"
"2021/06/21","12:00","9.548","-","10.01"
"2021/06/21","13:00","9.618","-","10.08"
"2021/06/21","14:00","8.543","-","9.11"
"2021/06/21","15:00","6.667","-","7.23"
"2021/06/21","16:00","4.425","-","5.01"
"2021/06/21","17:00","2.246","-","2.65"
"2021/06/21","18:00","0.657","-","0.79"
"2021/06/21","19:00","0.351","-","0.6"
"2021/06/21","20:00","1.565","-","2.12"
"2021/06/21","21:00","3.745","-","3.84"
"2021/06/21","22:00","6.259","-","6.43"
"2021/06/21","23:00","8.721","-","8.86"
"2021/06/22","00:00","10.549","-","10.91"
"2021/06/22","01:00","11.144","-","11.43"
"2021/06/22","02:00","10.388","-","10.91"
"2021/06/22","03:00","8.555","-","9.17"
"2021/06/22","04:00","6.081","-","6.72"
"2021/06/22","05:00","3.425","-","4.16"
"2021/06/22","06:00","1.057","-","1.6"
"2021/06/22","07:00","-0.338","-","0.07"
"2021/06/22","08:00","-0.171","-","0.36"
"2021/06/22","09:00","1.359","-","1.84"
"2021/06/22","10:00","3.583","-","3.95"
"2021/06/22","11:00","6.057","-","6.36"
"2021/06/22","12:00","8.319","-","8.81"
"2021/06/22","13:00","9.683","-","10.4"
"2021/06/22","14:00","9.756","-","10.39"
"2021/06/22","15:00","8.635","-","9.39"
"2021/06/22","16:00","6.682","-","7.41"
"2021/06/22","17:00","4.353","-","5.08"
"2021/06/22","18:00","2.083","-","2.67"
"2021/06/22","19:00","0.465","-","0.75"
"2021/06/22","20:00","0.251","-","0.39"
"2021/06/22","21:00","1.621","-","1.94"
"2021/06/22","22:00","3.955","-","4.38"
"2021/06/22","23:00","6.629","-","6.72"
"2021/06/23","00:00","9.212","-","9.58"
"2021/06/23","01:00","11.051","-","11.52"
"2021/06/23","02:00","11.552","-","12.11"
"2021/06/23","03:00","10.64","-","11.19"
"2021/06/23","04:00","8.624","-","9.16"
"2021/06/23","05:00","5.968","-","6.6"
"2021/06/23","06:00","3.122","-","3.56"
"2021/06/23","07:00","0.592","-","0.98"
"2021/06/23","08:00","-0.833","-","-0.86"
"2021/06/23","09:00","-0.57","-","-0.53"
"2021/06/23","10:00","1.083","-","1.18"
"2021/06/23","11:00","3.446","-","3.16"
"2021/06/23","12:00","6.088","-","5.98"
"2021/06/23","13:00","8.469","-","8.49"
"2021/06/23","14:00","9.854","-","10.06"
"2021/06/23","15:00","9.88","-","10.07"
"2021/06/23","16:00","8.689","-","9.02"
"2021/06/23","17:00","6.666","-","7.16"
"2021/06/23","18:00","4.25","-","4.51"
"2021/06/23","19:00","1.883","-","2.08"
"2021/06/23","20:00","0.262","-","0.21"
"2021/06/23","21:00","0.187","-","-0.01"
"2021/06/23","22:00","1.725","-","1.71"
"2021/06/23","23:00","4.186","-","3.93"
"2021/06/24","00:00","6.982","-","6.71"
"2021/06/24","01:00","9.645","-","9.54"
"2021/06/24","02:00","11.445","-","11.32"
"2021/06/24","03:00","11.811","-","11.92"
"2021/06/24","04:00","10.741","-","10.73"
"2021/06/24","05:00","8.585","-","8.64"
"2021/06/24","06:00","5.788","-","5.88"
"2021/06/24","07:00","2.782","-","2.86"
"2021/06/24","08:00","0.156","-","0.04"
"2021/06/24","09:00","-1.203","-","-1.57"
"2021/06/24","10:00","-0.789","-","-1.13"
"2021/06/24","11:00","0.983","-","0.71"
"2021/06/24","12:00","3.464","-","3.07"
"2021/06/24","13:00","6.236","-","5.92"
"2021/06/24","14:00","8.666","-","8.6"
"2021/06/24","15:00","9.995","-","10.02"
"2021/06/24","16:00","9.937","-","10.09"
"2021/06/24","17:00","8.682","-","8.9"
"2021/06/24","18:00","6.599","-","6.84"
"2021/06/24","19:00","4.094","-","4.28"
"2021/06/24","20:00","1.661","-","1.77"
"2021/06/24","21:00","0.11","-","-0.16"
"2021/06/24","22:00","0.216","-","-0.11"
"2021/06/24","23:00","1.896","-","1.61"
"2021/06/25","00:00","4.438","-","3.98"
"2021/06/25","01:00","7.308","-","6.78"
"2021/06/25","02:00","9.978","-","9.63"
"2021/06/25","03:00","11.663","-","11.48"
"2021/06/25","04:00","11.872","-","11.84"
"2021/06/25","05:00","10.68","-","10.73"
"2021/06/25","06:00","8.43","-","8.43"
"2021/06/25","07:00","5.53","-","5.61"
"2021/06/25","08:00","2.432","-","2.56"
"2021/06/25","09:00","-0.175","-","-0.27"
"2021/06/25","10:00","-1.375","-","-1.75"
"2021/06/25","11:00","-0.795","-","-1.22"
"2021/06/25","12:00","1.074","-","0.72"
"2021/06/25","13:00","3.639","-","3.11"
"2021/06/25","14:00","6.466","-","6.02"
"2021/06/25","15:00","8.846","-","8.76"
"2021/06/25","16:00","10.061","-","10.23"
"2021/06/25","17:00","9.916","-","10.07"
"2021/06/25","18:00","8.604","-","8.79"
"2021/06/25","19:00","6.46","-","6.73"
"2021/06/25","20:00","3.896","-","4.07"
"2021/06/25","21:00","1.477","-","1.58"
"2021/06/25","22:00","0.069","-","-0.26"
"2021/06/25","23:00","0.358","-","-0.12"
"2021/06/26","00:00","2.135","-","1.88"
"2021/06/26","01:00","4.706","-","4.25"
"2021/06/26","02:00","7.573","-","7.12"
"2021/06/26","03:00","10.151","-","9.87"
"2021/06/26","04:00","11.67","-","11.62"
"2021/06/26","05:00","11.739","-","11.87"
"2021/06/26","06:00","10.462","-","10.47"
"2021/06/26","07:00","8.15","-","8.25"
"2021/06/26","08:00","5.209","-","5.47"
"2021/06/26","09:00","2.129","-","2.34"
"2021/06/26","10:00","-0.346","-","-0.41"
"2021/06/26","11:00","-1.333","-","-1.74"
"2021/06/26","12:00","-0.589","-","-1.02"
"2021/06/26","13:00","1.348","-","0.85"
"2021/06/26","14:00","3.932","-","3.27"
"2021/06/26","15:00","6.715","-","6.28"
"2021/06/26","16:00","8.968","-","8.74"
"2021/06/26","17:00","10.052","-","10.1"
"2021/06/26","18:00","9.818","-","9.96"
"2021/06/26","19:00","8.442","-","8.6"
"2021/06/26","20:00","6.261","-","6.59"
"2021/06/26","21:00","3.709","-","4.04"
"2021/06/26","22:00","1.381","-","1.48"
"2021/06/26","23:00","0.152","-","-0.07"
"2021/06/27","00:00","0.607","-","0.26"
"2021/06/27","01:00","2.433","-","2.12"
"2021/06/27","02:00","4.958","-","4.49"
"2021/06/27","03:00","7.724","-","7.21"
"2021/06/27","04:00","10.141","-","9.88"
"2021/06/27","05:00","11.487","-","11.56"
"2021/06/27","06:00","11.436","-","11.58"
"2021/06/27","07:00","10.09","-","10.24"
"2021/06/27","08:00","7.764","-","8"
"2021/06/27","09:00","4.878","-","5.19"
"2021/06/27","10:00","1.921","-","2.2"
"2021/06/27","11:00","-0.347","-","-0.32"
"2021/06/27","12:00","-1.089","-","-1.44"
"2021/06/27","13:00","-0.194","-","-0.51"
"2021/06/27","14:00","1.756","-","1.37"
"2021/06/27","15:00","4.277","-","3.68"
"2021/06/27","16:00","6.944","-","6.46"
"2021/06/27","17:00","9.042","-","8.82"
"2021/06/27","18:00","9.981","-","10.03"
"2021/06/27","19:00","9.641","-","9.64"
"2021/06/27","20:00","8.212","-","8.27"
"2021/06/27","21:00","6.05","-","6.22"
"2021/06/27","22:00","3.574","-","3.71"
"2021/06/27","23:00","1.382","-","1.35"
"2021/06/28","00:00","0.35","-","-0.01"
"2021/06/28","01:00","0.946","-","0.41"
"2021/06/28","02:00","2.748","-","2.28"
"2021/06/28","03:00","5.139","-","4.61"
"2021/06/28","04:00","7.741","-","7.17"
"2021/06/28","05:00","9.977","-","9.71"
"2021/06/28","06:00","11.152","-","10.99"
"2021/06/28","07:00","10.98","-","10.94"
"2021/06/28","08:00","9.595","-","9.56"
"2021/06/28","09:00","7.332","-","7.33"
"2021/06/28","10:00","4.582","-","4.65"
"2021/06/28","11:00","1.813","-","1.86"
"2021/06/28","12:00","-0.192","-","-0.37"
"2021/06/28","13:00","-0.671","-","-1.24"
"2021/06/28","14:00","0.331","-","-0.14"
"2021/06/28","15:00","2.223","-","1.66"
"2021/06/28","16:00","4.633","-","4.05"
"2021/06/28","17:00","7.162","-","6.64"
"2021/06/28","18:00","9.085","-","8.79"
"2021/06/28","19:00","9.853","-","9.66"
"2021/06/28","20:00","9.403","-","9.26"
"2021/06/28","21:00","7.961","-","7.97"
"2021/06/28","22:00","5.866","-","6"
"2021/06/28","23:00","3.495","-","3.69"
"2021/06/29","00:00","1.467","-","1.54"
"2021/06/29","01:00","0.639","-","0.27"
"2021/06/29","02:00","1.321","-","0.97"
"2021/06/29","03:00","3.014","-","2.66"
"2021/06/29","04:00","5.221","-","4.83"
"2021/06/29","05:00","7.651","-","7.25"
"2021/06/29","06:00","9.7","-","9.44"
"2021/06/29","07:00","10.691","-","10.68"
"2021/06/29","08:00","10.414","-","10.48"
"2021/06/29","09:00","9.045","-","9.08"
"2021/06/29","10:00","6.905","-","7.01"
"2021/06/29","11:00","4.336","-","4.58"
"2021/06/29","12:00","1.801","-","2.1"
"2021/06/29","13:00","0.098","-","0.13"
"2021/06/29","14:00","-0.137","-","-0.35"
"2021/06/29","15:00","0.907","-","0.78"
"2021/06/29","16:00","2.703","-","2.56"
"2021/06/29","17:00","5.001","-","4.73"
"2021/06/29","18:00","7.382","-","7.18"
"2021/06/29","19:00","9.097","-","9.05"
"2021/06/29","20:00","9.684","-","9.82"
"2021/06/29","21:00","9.151","-","9.37"
"2021/06/29","22:00","7.727","-","7.86"
"2021/06/29","23:00","5.71","-","6"
"2021/06/30","00:00","3.46","-","3.82"
"2021/06/30","01:00","1.617","-","1.79"
"2021/06/30","02:00","0.964","-","0.85"
"2021/06/30","03:00","1.654","-","1.5"
"2021/06/30","04:00","3.191","-","3.11"
"2021/06/30","05:00","5.225","-","5.12"
"2021/06/30","06:00","7.49","-","7.24"
"2021/06/30","07:00","9.337","-","9.21"
"2021/06/30","08:00","10.152","-","10.17"
"2021/06/30","09:00","9.813","-","9.94"
"2021/06/30","10:00","8.504","-","8.55"
"2021/06/30","11:00","6.511","-","6.56"
"2021/06/30","12:00","4.145","-","4.36"
"2021/06/30","13:00","1.88","-","2.05"
"2021/06/30","14:00","0.478","-","0.42"
"2021/06/30","15:00","0.433","-","0.24"
"2021/06/30","16:00","1.477","-","1.5"
"2021/06/30","17:00","3.191","-","3.13"
"2021/06/30","18:00","5.387","-","5.2"
"2021/06/30","19:00","7.594","-","7.51"
"2021/06/30","20:00","9.091","-","9.18"
"2021/06/30","21:00","9.518","-","9.76"
"2021/06/30","22:00","8.922","-","9.24"
"2021/06/30","23:00","7.515","-","7.67"
"2021/07/01","00:00","5.576","-","5.84"
"2021/07/01","01:00","3.456","-","3.91"
"2021/07/01","02:00","1.783","-","1.86"
"2021/07/01","03:00","1.248","-","1.14"
"2021/07/01","04:00","1.897","-","2.02"
"2021/07/01","05:00","3.287","-","3.43"
"2021/07/01","06:00","5.174","-","5.09"
"2021/07/01","07:00","7.275","-","7.47"
"2021/07/01","08:00","8.929","-","9"
"2021/07/01","09:00","9.611","-","10"
"2021/07/01","10:00","9.246","-","9.75"
"2021/07/01","11:00","8.008","-","8.34"
"2021/07/01","12:00","6.17","-","6.43"
"2021/07/01","13:00","4.022","-","4.47"
"2021/07/01","14:00","2.019","-","2.35"
"2021/07/01","15:00","0.877","-","1.07"
"2021/07/01","16:00","0.979","-","1.08"
"2021/07/01","17:00","2.025","-","2.19"
"2021/07/01","18:00","3.679","-","3.96"
"2021/07/01","19:00","5.771","-","5.96"
"2021/07/01","20:00","7.799","-","8.01"
"2021/07/01","21:00","9.1","-","9.45"
"2021/07/01","22:00","9.386","-","9.8"
"2021/07/01","23:00","8.721","-","9.07"
"2021/07/02","00:00","7.324","-","7.8"
"2021/07/02","01:00","5.46","-","5.81"
"2021/07/02","02:00","3.445","-","3.87"
"2021/07/02","03:00","1.895","-","2.24"
"2021/07/02","04:00","1.437","-","1.59"
"2021/07/02","05:00","2.045","-","2.45"
"2021/07/02","06:00","3.319","-","3.86"
"2021/07/02","07:00","5.083","-","5.65"
"2021/07/02","08:00","7.043","-","7.71"
"2021/07/02","09:00","8.55","-","9.31"
"2021/07/02","10:00","9.136","-","10.13"
"2021/07/02","11:00","8.753","-","9.76"
"2021/07/02","12:00","7.588","-","8.41"
"2021/07/02","13:00","5.906","-","6.84"
"2021/07/02","14:00","3.95","-","4.74"
"2021/07/02","15:00","2.16","-","3.15"
"2021/07/02","16:00","1.239","-","1.83"
"2021/07/02","17:00","1.48","-","2.06"
"2021/07/02","18:00","2.539","-","3.39"
"2021/07/02","19:00","4.142","-","4.9"
"2021/07/02","20:00","6.145","-","6.88"
"2021/07/02","21:00","8.024","-","8.57"
"2021/07/02","22:00","9.149","-","9.95"
"2021/07/02","23:00","9.29","-","10.14"
"2021/07/03","00:00","8.547","-","9.29"
"2021/07/03","01:00","7.156","-","7.98"
"2021/07/03","02:00","5.333","-","6"
"2021/07/03","03:00","3.368","-","4.12"
"2021/07/03","04:00","1.906","-","2.56"
"2021/07/03","05:00","1.526","-","2.12"
"2021/07/03","06:00","2.109","-","2.74"
"2021/07/03","07:00","3.293","-","3.89"
"2021/07/03","08:00","4.982","-","5.74"
"2021/07/03","09:00","6.861","-","7.51"
"2021/07/03","10:00","8.263","-","9.08"
"2021/07/03","11:00","8.764","-","9.83"
"2021/07/03","12:00","8.364","-","9.28"
"2021/07/03","13:00","7.271","-","8.27"
"2021/07/03","14:00","5.708","-","6.64"
"2021/07/03","15:00","3.874","-","4.8"
"2021/07/03","16:00","2.253","-","3.17"
"2021/07/03","17:00","1.544","-","2.08"
"2021/07/03","18:00","1.917","-","2.71"
"2021/07/03","19:00","2.989","-","3.88"
"2021/07/03","20:00","4.574","-","5.59"
"2021/07/03","21:00","6.533","-","7.4"
"2021/07/03","22:00","8.288","-","9.23"
"2021/07/03","23:00","9.237","-","10.26"
"2021/07/04","00:00","9.228","-","10.47"
"2021/07/04","01:00","8.408","-","9.46"
"2021/07/04","02:00","6.988","-","7.96"
"2021/07/04","03:00","5.138","-","6.03"
"2021/07/04","04:00","3.183","-","4.1"
"2021/07/04","05:00","1.816","-","2.63"
"2021/07/04","06:00","1.523","-","2.23"
"2021/07/04","07:00","2.094","-","2.97"
"2021/07/04","08:00","3.247","-","4.24"
"2021/07/04","09:00","4.941","-","5.77"
"2021/07/04","10:00","6.789","-","7.57"
"2021/07/04","11:00","8.099","-","8.93"
"2021/07/04","12:00","8.518","-","9.35"
"2021/07/04","13:00","8.101","-","9.03"
"2021/07/04","14:00","7.042","-","7.63"
"2021/07/04","15:00","5.518","-","6.2"
"2021/07/04","16:00","3.746","-","4.37"
"2021/07/04","17:00","2.281","-","2.76"
"2021/07/04","18:00","1.777","-","2.19"
"2021/07/04","19:00","2.266","-","2.71"
"2021/07/04","20:00","3.379","-","4.02"
"2021/07/04","21:00","5.01","-","5.65"
"2021/07/04","22:00","6.962","-","7.45"
"2021/07/04","23:00","8.589","-","9.09"
"2021/07/05","00:00","9.36","-","10.01"
"2021/07/05","01:00","9.204","-","9.94"
"2021/07/05","02:00","8.277","-","8.74"
"2021/07/05","03:00","6.763","-","7.05"
"2021/07/05","04:00","4.834","-","5.15"
"2021/07/05","05:00","2.888","-","3.27"
"2021/07/05","06:00","1.631","-","1.94"
"2021/07/05","07:00","1.432","-","1.71"
"2021/07/05","08:00","2.038","-","2.58"
"2021/07/05","09:00","3.254","-","3.84"
"2021/07/05","10:00","5.022","-","5.49"
"2021/07/05","11:00","6.852","-","7.23"
"2021/07/05","12:00","8.07","-","8.53"
"2021/07/05","13:00","8.409","-","8.9"
"2021/07/05","14:00","7.94","-","8.32"
"2021/07/05","15:00","6.836","-","7"
"2021/07/05","16:00","5.28","-","5.43"
"2021/07/05","17:00","3.544","-","3.72"
"2021/07/05","18:00","2.231","-","2.32"
"2021/07/05","19:00","1.917","-","1.88"
"2021/07/05","20:00","2.538","-","2.67"
"2021/07/05","21:00","3.758","-","4.01"
"2021/07/05","22:00","5.489","-","5.63"
"2021/07/05","23:00","7.435","-","7.51"
"2021/07/06","00:00","8.925","-","9.07"
"2021/07/06","01:00","9.517","-","9.78"
"2021/07/06","02:00","9.189","-","9.47"
"2021/07/06","03:00","8.095","-","8.2"
"2021/07/06","04:00","6.432","-","6.56"
"2021/07/06","05:00","4.413","-","4.59"
"2021/07/06","06:00","2.489","-","2.68"
"2021/07/06","07:00","1.359","-","1.38"
"2021/07/06","08:00","1.295","-","1.42"
"2021/07/06","09:00","2.025","-","2.4"
"2021/07/06","10:00","3.386","-","3.77"
"2021/07/06","11:00","5.252","-","5.61"
"2021/07/06","12:00","7.057","-","7.33"
"2021/07/06","13:00","8.177","-","8.54"
"2021/07/06","14:00","8.4","-","8.86"
"2021/07/06","15:00","7.804","-","8.19"
"2021/07/06","16:00","6.589","-","6.94"
"2021/07/06","17:00","4.966","-","5.23"
"2021/07/06","18:00","3.254","-","3.65"
"2021/07/06","19:00","2.09","-","2.4"
"2021/07/06","20:00","1.988","-","2.15"
"2021/07/06","21:00","2.799","-","3.11"
"2021/07/06","22:00","4.187","-","4.48"
"2021/07/06","23:00","6.032","-","6.32"
"2021/07/07","00:00","7.956","-","8.05"
"2021/07/07","01:00","9.295","-","9.44"
"2021/07/07","02:00","9.676","-","9.96"
"2021/07/07","03:00","9.115","-","9.34"
"2021/07/07","04:00","7.805","-","7.87"
"2021/07/07","05:00","5.979","-","6"
"2021/07/07","06:00","3.872","-","3.96"
"2021/07/07","07:00","1.992","-","2.15"
"2021/07/07","08:00","1.042","-","1.11"
"2021/07/07","09:00","1.198","-","1.33"
"2021/07/07","10:00","2.132","-","2.28"
"2021/07/07","11:00","3.675","-","3.95"
"2021/07/07","12:00","5.636","-","5.82"
"2021/07/07","13:00","7.398","-","7.4"
"2021/07/07","14:00","8.375","-","8.59"
"2021/07/07","15:00","8.406","-","8.5"
"2021/07/07","16:00","7.621","-","7.87"
"2021/07/07","17:00","6.262","-","6.49"
"2021/07/07","18:00","4.555","-","4.76"
"2021/07/07","19:00","2.865","-","3.11"
"2021/07/07","20:00","1.889","-","2.19"
"2021/07/07","21:00","2.066","-","2.39"
"2021/07/07","22:00","3.124","-","3.68"
"2021/07/07","23:00","4.7","-","5.26"
"2021/07/08","00:00","6.649","-","7.16"
"2021/07/08","01:00","8.523","-","8.88"
"2021/07/08","02:00","9.664","-","10.09"
"2021/07/08","03:00","9.768","-","10.21"
"2021/07/08","04:00","8.927","-","9.2"
"2021/07/08","05:00","7.388","-","7.52"
"2021/07/08","06:00","5.395","-","5.58"
"2021/07/08","07:00","3.21","-","3.51"
"2021/07/08","08:00","1.438","-","1.77"
"2021/07/08","09:00","0.766","-","0.73"
"2021/07/08","10:00","1.22","-","1.69"
"2021/07/08","11:00","2.398","-","3.09"
"2021/07/08","12:00","4.133","-","4.49"
"2021/07/08","13:00","6.164","-","6.43"
"2021/07/08","14:00","7.822","-","8.23"
"2021/07/08","15:00","8.575","-","9.01"
"2021/07/08","16:00","8.353","-","8.54"
"2021/07/08","17:00","7.352","-","7.86"
"2021/07/08","18:00","5.831","-","5.99"
"2021/07/08","19:00","4.028","-","4.47"
"2021/07/08","20:00","2.406","-","3.07"
"2021/07/08","21:00","1.709","-","1.99"
"2021/07/08","22:00","2.231","-","2.64"
"2021/07/08","23:00","3.554","-","4.21"
"2021/07/09","00:00","5.316","-","5.96"
"2021/07/09","01:00","7.342","-","7.94"
"2021/07/09","02:00","9.1","-","9.55"
"2021/07/09","03:00","9.96","-","10.37"
"2021/07/09","04:00","9.736","-","10.21"
"2021/07/09","05:00","8.601","-","8.96"
"2021/07/09","06:00","6.83","-","7.1"
"2021/07/09","07:00","4.669","-","5.14"
"2021/07/09","08:00","2.464","-","2.89"
"2021/07/09","09:00","0.913","-","1.45"
"2021/07/09","10:00","0.613","-","1.15"
"2021/07/09","11:00","1.404","-","2.04"
"2021/07/09","12:00","2.839","-","3.68"
"2021/07/09","13:00","4.751","-","5.47"
"2021/07/09","14:00","6.786","-","7.49"
"2021/07/09","15:00","8.245","-","8.94"
"2021/07/09","16:00","8.706","-","9.66"
"2021/07/09","17:00","8.205","-","9.39"
"2021/07/09","18:00","6.972","-","7.94"
"2021/07/09","19:00","5.275","-","6.44"
"2021/07/09","20:00","3.413","-","4.28"
"2021/07/09","21:00","1.96","-","2.75"
"2021/07/09","22:00","1.63","-","2.2"
"2021/07/09","23:00","2.521","-","3.32"
"2021/07/10","00:00","4.105","-","4.69"
"2021/07/10","01:00","6.033","-","6.56"
"2021/07/10","02:00","8.067","-","8.63"
"2021/07/10","03:00","9.612","-","9.98"
"2021/07/10","04:00","10.128","-","10.47"
"2021/07/10","05:00","9.559","-","10.03"
"2021/07/10","06:00","8.127","-","8.43"
"2021/07/10","07:00","6.119","-","6.41"
"2021/07/10","08:00","3.833","-","4.16"
"2021/07/10","09:00","1.717","-","2.05"
"2021/07/10","10:00","0.502","-","0.89"
"2021/07/10","11:00","0.628","-","0.86"
"2021/07/10","12:00","1.765","-","2.34"
"2021/07/10","13:00","3.451","-","4.13"
"2021/07/10","14:00","5.484","-","6.17"
"2021/07/10","15:00","7.421","-","7.99"
"2021/07/10","16:00","8.603","-","9.11"
"2021/07/10","17:00","8.745","-","9.24"
"2021/07/10","18:00","7.947","-","8.25"
"2021/07/10","19:00","6.465","-","6.69"
"2021/07/10","20:00","4.616","-","4.87"
"2021/07/10","21:00","2.785","-","2.85"
"2021/07/10","22:00","1.602","-","1.84"
"2021/07/10","23:00","1.686","-","1.92"
"2021/07/11","00:00","2.941","-","3.4"
"2021/07/11","01:00","4.765","-","5.22"
"2021/07/11","02:00","6.8","-","7.11"
"2021/07/11","03:00","8.742","-","9.22"
"2021/07/11","04:00","9.998","-","10.48"
"2021/07/11","05:00","10.15","-","10.68"
"2021/07/11","06:00","9.232","-","9.59"
"2021/07/11","07:00","7.496","-","7.73"
"2021/07/11","08:00","5.285","-","5.67"
"2021/07/11","09:00","2.969","-","3.41"
"2021/07/11","10:00","1.057","-","1.46"
"2021/07/11","11:00","0.253","-","0.57"
"2021/07/11","12:00","0.827","-","1.37"
"2021/07/11","13:00","2.305","-","2.89"
"2021/07/11","14:00","4.195","-","4.75"
"2021/07/11","15:00","6.256","-","6.91"
"2021/07/11","16:00","8.01","-","8.6"
"2021/07/11","17:00","8.882","-","9.46"
"2021/07/11","18:00","8.684","-","9.1"
"2021/07/11","19:00","7.568","-","7.82"
"2021/07/11","20:00","5.852","-","6.15"
"2021/07/11","21:00","3.924","-","4.16"
"2021/07/11","22:00","2.214","-","2.35"
"2021/07/11","23:00","1.362","-","1.39"
"2021/07/12","00:00","1.876","-","2.09"
"2021/07/12","01:00","3.472","-","3.82"
"2021/07/12","02:00","5.474","-","5.77"
"2021/07/12","03:00","7.526","-","7.85"
"2021/07/12","04:00","9.299","-","9.6"
"2021/07/12","05:00","10.238","-","10.64"
"2021/07/12","06:00","10.022","-","10.36"
"2021/07/12","07:00","8.748","-","9.03"
"2021/07/12","08:00","6.739","-","7.08"
"2021/07/12","09:00","4.41","-","4.71"
"2021/07/12","10:00","2.163","-","2.54"
"2021/07/12","11:00","0.538","-","0.95"
"2021/07/12","12:00","0.193","-","0.62"
"2021/07/12","13:00","1.216","-","1.82"
"2021/07/12","14:00","2.985","-","3.42"
"2021/07/12","15:00","4.997","-","5.46"
"2021/07/12","16:00","7.012","-","7.64"
"2021/07/12","17:00","8.544","-","9"
"2021/07/12","18:00","9.081","-","9.55"
"2021/07/12","19:00","8.518","-","8.82"
"2021/07/12","20:00","7.091","-","7.27"
"2021/07/12","21:00","5.203","-","5.3"
"2021/07/12","22:00","3.267","-","3.4"
"2021/07/12","23:00","1.731","-","1.84"
"2021/07/13","00:00","1.245","-","1.38"
"2021/07/13","01:00","2.175","-","2.41"
"2021/07/13","02:00","4.043","-","4.27"
"2021/07/13","03:00","6.132","-","6.29"
"2021/07/13","04:00","8.133","-","8.4"
"2021/07/13","05:00","9.71","-","10.12"
"2021/07/13","06:00","10.324","-","10.7"
"2021/07/13","07:00","9.736","-","10.09"
"2021/07/13","08:00","8.137","-","8.43"
"2021/07/13","09:00","5.935","-","6.34"
"2021/07/13","10:00","3.579","-","3.99"
"2021/07/13","11:00","1.475","-","1.83"
"2021/07/13","12:00","0.197","-","0.51"
"2021/07/13","13:00","0.335","-","0.72"
"2021/07/13","14:00","1.759","-","2.15"
"2021/07/13","15:00","3.732","-","3.96"
"2021/07/13","16:00","5.802","-","6.09"
"2021/07/13","17:00","7.737","-","8.05"
"2021/07/13","18:00","9.019","-","9.34"
"2021/07/13","19:00","9.191","-","9.44"
"2021/07/13","20:00","8.268","-","8.41"
"2021/07/13","21:00","6.584","-","6.83"
"2021/07/13","22:00","4.583","-","4.84"
"2021/07/13","23:00","2.679","-","2.8"
"2021/07/14","00:00","1.35","-","1.63"
"2021/07/14","01:00","1.235","-","1.61"
"2021/07/14","02:00","2.518","-","2.9"
"2021/07/14","03:00","4.551","-","4.81"
"2021/07/14","04:00","6.659","-","6.77"
"2021/07/14","05:00","8.589","-","8.91"
"2021/07/14","06:00","9.96","-","10.25"
"2021/07/14","07:00","10.244","-","10.55"
"2021/07/14","08:00","9.318","-","9.56"
"2021/07/14","09:00","7.476","-","7.79"
"2021/07/14","10:00","5.173","-","5.61"
"2021/07/14","11:00","2.856","-","3.3"
"2021/07/14","12:00","0.951","-","1.29"
"2021/07/14","13:00","0.061","-","0.56"
"2021/07/14","14:00","0.651","-","1.23"
"2021/07/14","15:00","2.38","-","2.84"
"2021/07/14","16:00","4.485","-","4.83"
"2021/07/14","17:00","6.589","-","6.97"
"2021/07/14","18:00","8.418","-","8.89"
"2021/07/14","19:00","9.415","-","9.84"
"2021/07/14","20:00","9.226","-","9.53"
"2021/07/14","21:00","7.993","-","8.34"
"2021/07/14","22:00","6.11","-","6.49"
"2021/07/14","23:00","4.032","-","4.39"
"2021/07/15","00:00","2.183","-","2.47"
"2021/07/15","01:00","1.073","-","1.4"
"2021/07/15","02:00","1.283","-","1.7"
"2021/07/15","03:00","2.809","-","3.12"
"2021/07/15","04:00","4.918","-","5.01"
"2021/07/15","05:00","7.021","-","7.22"
"2021/07/15","06:00","8.875","-","9.14"
"2021/07/15","07:00","10.031","-","10.42"
"2021/07/15","08:00","10.019","-","10.29"
"2021/07/15","09:00","8.84","-","9.13"
"2021/07/15","10:00","6.85","-","7.32"
"2021/07/15","11:00","4.515","-","5"
"2021/07/15","12:00","2.291","-","2.8"
"2021/07/15","13:00","0.629","-","1.12"
"2021/07/15","14:00","0.114","-","0.69"
"2021/07/15","15:00","1.068","-","1.72"
"2021/07/15","16:00","3.013","-","3.39"
"2021/07/15","17:00","5.212","-","5.44"
"2021/07/15","18:00","7.328","-","7.62"
"2021/07/15","19:00","9.016","-","9.36"
"2021/07/15","20:00","9.726","-","9.99"
"2021/07/15","21:00","9.229","-","9.47"
"2021/07/15","22:00","7.749","-","8.12"
"2021/07/15","23:00","5.708","-","6.17"
"2021/07/16","00:00","3.581","-","4.12"
"2021/07/16","01:00","1.801","-","2.23"
"2021/07/16","02:00","0.876","-","1.32"
"2021/07/16","03:00","1.315","-","1.97"
"2021/07/16","04:00","2.979","-","3.43"
"2021/07/16","05:00","5.117","-","5.47"
"2021/07/16","06:00","7.205","-","7.47"
"2021/07/16","07:00","8.973","-","9.29"
"2021/07/16","08:00","9.94","-","10.24"
"2021/07/16","09:00","9.715","-","9.99"
"2021/07/16","10:00","8.381","-","8.63"
"2021/07/16","11:00","6.319","-","6.67"
"2021/07/16","12:00","4.015","-","4.48"
"2021/07/16","13:00","1.929","-","2.39"
"2021/07/16","14:00","0.5","-","0.8"
"2021/07/16","15:00","0.288","-","0.71"
"2021/07/16","16:00","1.513","-","2.16"
"2021/07/16","17:00","3.611","-","3.92"
"2021/07/16","18:00","5.872","-","6.08"
"2021/07/16","19:00","7.967","-","8.23"
"2021/07/16","20:00","9.509","-","9.79"
"2021/07/16","21:00","9.981","-","10.22"
"2021/07/16","22:00","9.243","-","9.54"
"2021/07/16","23:00","7.566","-","7.97"
"2021/07/17","00:00","5.411","-","5.91"
"2021/07/17","01:00","3.261","-","3.8"
"2021/07/17","02:00","1.522","-","1.93"
"2021/07/17","03:00","0.703","-","1.14"
"2021/07/17","04:00","1.275","-","1.95"
"2021/07/17","05:00","3.008","-","3.45"
"2021/07/17","06:00","5.14","-","5.3"
"2021/07/17","07:00","7.199","-","7.52"
"2021/07/17","08:00","8.903","-","9.21"
"2021/07/17","09:00","9.754","-","10.16"
"2021/07/17","10:00","9.41","-","9.71"
"2021/07/17","11:00","8","-","8.31"
"2021/07/17","12:00","5.937","-","6.47"
"2021/07/17","13:00","3.719","-","4.31"
"2021/07/17","14:00","1.763","-","2.16"
"2021/07/17","15:00","0.502","-","0.9"
"2021/07/17","16:00","0.513","-","0.95"
"2021/07/17","17:00","1.936","-","2.39"
"2021/07/17","18:00","4.125","-","4.25"
"2021/07/17","19:00","6.405","-","6.45"
"2021/07/17","20:00","8.477","-","8.59"
"2021/07/17","21:00","9.913","-","10.07"
"2021/07/17","22:00","10.21","-","10.34"
"2021/07/17","23:00","9.288","-","9.46"
"2021/07/18","00:00","7.473","-","7.86"
"2021/07/18","01:00","5.251","-","5.83"
"2021/07/18","02:00","3.067","-","3.56"
"2021/07/18","03:00","1.3","-","1.67"
"2021/07/18","04:00","0.51","-","1.01"
"2021/07/18","05:00","1.152","-","1.73"
"2021/07/18","06:00","2.896","-","3.24"
"2021/07/18","07:00","4.986","-","5.15"
"2021/07/18","08:00","7.034","-","7.2"
"2021/07/18","09:00","8.738","-","9.14"
"2021/07/18","10:00","9.55","-","9.95"
"2021/07/18","11:00","9.16","-","9.53"
"2021/07/18","12:00","7.747","-","8.29"
"2021/07/18","13:00","5.747","-","6.43"
"2021/07/18","14:00","3.617","-","4.29"
"2021/07/18","15:00","1.73","-","2.3"
"2021/07/18","16:00","0.564","-","1.03"
"2021/07/18","17:00","0.735","-","1.27"
"2021/07/18","18:00","2.281","-","2.8"
"2021/07/18","19:00","4.494","-","4.77"
"2021/07/18","20:00","6.784","-","6.97"
"2021/07/18","21:00","8.871","-","9.06"
"2021/07/18","22:00","10.253","-","10.56"
"2021/07/18","23:00","10.426","-","10.78"
"2021/07/19","00:00","9.384","-","9.88"
"2021/07/19","01:00","7.496","-","8.15"
"2021/07/19","02:00","5.22","-","5.99"
"2021/07/19","03:00","2.95","-","3.72"
"2021/07/19","04:00","1.094","-","1.71"
"2021/07/19","05:00","0.29","-","0.86"
"2021/07/19","06:00","0.947","-","1.61"
"2021/07/19","07:00","2.644","-","3.06"
"2021/07/19","08:00","4.697","-","5"
"2021/07/19","09:00","6.797","-","7.21"
"2021/07/19","10:00","8.563","-","8.99"
"2021/07/19","11:00","9.388","-","10.07"
"2021/07/19","12:00","9.013","-","9.53"
"2021/07/19","13:00","7.66","-","8.38"
"2021/07/19","14:00","5.736","-","6.46"
"2021/07/19","15:00","3.642","-","4.35"
"2021/07/19","16:00","1.752","-","2.39"
"2021/07/19","17:00","0.633","-","1.04"
"2021/07/19","18:00","0.901","-","1.5"
"2021/07/19","19:00","2.49","-","2.94"
"2021/07/19","20:00","4.698","-","5.01"
"2021/07/19","21:00","7.036","-","7.21"
"2021/07/19","22:00","9.185","-","9.41"
"2021/07/19","23:00","10.544","-","10.91"
"2021/07/20","00:00","10.645","-","11.07"
"2021/07/20","01:00","9.549","-","10.1"
"2021/07/20","02:00","7.616","-","8.26"
"2021/07/20","03:00","5.259","-","5.92"
"2021/07/20","04:00","2.856","-","3.5"
"2021/07/20","05:00","0.883","-","1.42"
"2021/07/20","06:00","0.036","-","0.37"
"2021/07/20","07:00","0.658","-","1.15"
"2021/07/20","08:00","2.297","-","2.52"
"2021/07/20","09:00","4.37","-","4.63"
"2021/07/20","10:00","6.582","-","6.88"
"2021/07/20","11:00","8.441","-","8.84"
"2021/07/20","12:00","9.315","-","9.8"
"2021/07/20","13:00","9.004","-","9.56"
"2021/07/20","14:00","7.723","-","8.45"
"2021/07/20","15:00","5.831","-","6.68"
"2021/07/20","16:00","3.711","-","4.36"
"2021/07/20","17:00","1.775","-","2.39"
"2021/07/20","18:00","0.656","-","1.09"
"2021/07/20","19:00","0.958","-","1.43"
"2021/07/20","20:00","2.554","-","3.02"
"2021/07/20","21:00","4.785","-","5.11"
"2021/07/20","22:00","7.216","-","7.52"
"2021/07/20","23:00","9.442","-","9.67"
"2021/07/21","00:00","10.804","-","11.39"
"2021/07/21","01:00","10.882","-","11.52"
"2021/07/21","02:00","9.761","-","10.36"
"2021/07/21","03:00","7.767","-","8.51"
"2021/07/21","04:00","5.297","-","6.07"
"2021/07/21","05:00","2.747","-","3.51"
"2021/07/21","06:00","0.648","-","1.18"
"2021/07/21","07:00","-0.264","-","-0.03"
"2021/07/21","08:00","0.323","-","0.78"
"2021/07/21","09:00","1.954","-","2.31"
"2021/07/21","10:00","4.108","-","4.52"
"2021/07/21","11:00","6.457","-","6.93"
"2021/07/21","12:00","8.42","-","8.91"
"2021/07/21","13:00","9.366","-","10.08"
"2021/07/21","14:00","9.116","-","9.94"
"2021/07/21","15:00","7.862","-","8.79"
"2021/07/21","16:00","5.949","-","6.95"
"2021/07/21","17:00","3.764","-","4.64"
"2021/07/21","18:00","1.744","-","2.48"
"2021/07/21","19:00","0.588","-","1.02"
"2021/07/21","20:00","0.909","-","1.3"
"2021/07/21","21:00","2.534","-","3.09"
"2021/07/21","22:00","4.828","-","5.31"
"2021/07/21","23:00","7.366","-","7.86"
"2021/07/22","00:00","9.673","-","10.19"
"2021/07/22","01:00","11.053","-","11.73"
"2021/07/22","02:00","11.115","-","11.96"
"2021/07/22","03:00","9.945","-","10.77"
"2021/07/22","04:00","7.87","-","8.63"
"2021/07/22","05:00","5.286","-","6.25"
"2021/07/22","06:00","2.586","-","3.4"
"2021/07/22","07:00","0.362","-","1.08"
"2021/07/22","08:00","-0.582","-","-0.19"
"2021/07/22","09:00","0.031","-","0.42"
"2021/07/22","10:00","1.715","-","2.2"
"2021/07/22","11:00","3.982","-","4.3"
"2021/07/22","12:00","6.473","-","6.84"
"2021/07/22","13:00","8.533","-","9.07"
"2021/07/22","14:00","9.521","-","10.27"
"2021/07/22","15:00","9.275","-","10.06"
"2021/07/22","16:00","7.995","-","8.91"
"2021/07/22","17:00","6.03","-","6.82"
"2021/07/22","18:00","3.746","-","4.52"
"2021/07/22","19:00","1.614","-","2.26"
"2021/07/22","20:00","0.436","-","0.74"
"2021/07/22","21:00","0.822","-","1.12"
"2021/07/22","22:00","2.514","-","2.84"
"2021/07/22","23:00","4.883","-","5.24"
"2021/07/23","00:00","7.527","-","7.75"
"2021/07/23","01:00","9.904","-","10.25"
"2021/07/23","02:00","11.274","-","11.87"
"2021/07/23","03:00","11.276","-","11.99"
"2021/07/23","04:00","10.03","-","10.74"
"2021/07/23","05:00","7.874","-","8.54"
"2021/07/23","06:00","5.178","-","5.86"
"2021/07/23","07:00","2.332","-","3.02"
"2021/07/23","08:00","0.039","-","0.54"
"2021/07/23","09:00","-0.84","-","-0.63"
"2021/07/23","10:00","-0.128","-","0.07"
"2021/07/23","11:00","1.645","-","1.93"
"2021/07/23","12:00","4.039","-","4.2"
"2021/07/23","13:00","6.657","-","6.87"
"2021/07/23","14:00","8.759","-","9.23"
"2021/07/23","15:00","9.711","-","10.35"
"2021/07/23","16:00","9.406","-","10.19"
"2021/07/23","17:00","8.067","-","8.77"
"2021/07/23","18:00","6.02","-","6.72"
"2021/07/23","19:00","3.609","-","4.24"
"2021/07/23","20:00","1.393","-","1.97"
"2021/07/23","21:00","0.271","-","0.45"
"2021/07/23","22:00","0.78","-","0.82"
"2021/07/23","23:00","2.553","-","2.81"
"2021/07/24","00:00","4.998","-","5.32"
"2021/07/24","01:00","7.73","-","7.98"
"2021/07/24","02:00","10.119","-","10.38"
"2021/07/24","03:00","11.406","-","12.02"
"2021/07/24","04:00","11.302","-","11.87"
"2021/07/24","05:00","9.973","-","10.65"
"2021/07/24","06:00","7.736","-","8.36"
"2021/07/24","07:00","4.926","-","5.53"
"2021/07/24","08:00","1.991","-","2.69"
"2021/07/24","09:00","-0.25","-","0.2"
"2021/07/24","10:00","-0.959","-","-0.89"
"2021/07/24","11:00","-0.1","-","0.08"
"2021/07/24","12:00","1.784","-","1.88"
"2021/07/24","13:00","4.302","-","4.41"
"2021/07/24","14:00","6.985","-","7.19"
"2021/07/24","15:00","9.029","-","9.43"
"2021/07/24","16:00","9.869","-","10.45"
"2021/07/24","17:00","9.466","-","10.13"
"2021/07/24","18:00","8.036","-","8.63"
"2021/07/24","19:00","5.875","-","6.57"
"2021/07/24","20:00","3.357","-","4.02"
"2021/07/24","21:00","1.147","-","1.58"
"2021/07/24","22:00","0.174","-","0.29"
"2021/07/24","23:00","0.837","-","0.91"
"2021/07/25","00:00","2.69","-","2.85"
"2021/07/25","01:00","5.199","-","5.38"
"2021/07/25","02:00","7.96","-","8.12"
"2021/07/25","03:00","10.263","-","10.62"
"2021/07/25","04:00","11.397","-","12.07"
"2021/07/25","05:00","11.168","-","11.92"
"2021/07/25","06:00","9.745","-","10.44"
"2021/07/25","07:00","7.418","-","8.14"
"2021/07/25","08:00","4.537","-","5.4"
"2021/07/25","09:00","1.627","-","2.47"
"2021/07/25","10:00","-0.431","-","0.18"
"2021/07/25","11:00","-0.894","-","-0.66"
"2021/07/25","12:00","0.144","-","0.4"
"2021/07/25","13:00","2.146","-","2.47"
"2021/07/25","14:00","4.74","-","4.92"
"2021/07/25","15:00","7.384","-","7.66"
"2021/07/25","16:00","9.28","-","9.75"
"2021/07/25","17:00","9.961","-","10.64"
"2021/07/25","18:00","9.422","-","10.19"
"2021/07/25","19:00","7.863","-","8.57"
"2021/07/25","20:00","5.596","-","6.38"
"2021/07/25","21:00","3.05","-","3.92"
"2021/07/25","22:00","0.951","-","1.73"
"2021/07/25","23:00","0.188","-","0.48"
"2021/07/26","00:00","1.018","-","1.4"
"2021/07/26","01:00","2.943","-","3.32"
"2021/07/26","02:00","5.465","-","5.93"
"2021/07/26","03:00","8.156","-","8.53"
"2021/07/26","04:00","10.29","-","10.83"
"2021/07/26","05:00","11.238","-","12.09"
"2021/07/26","06:00","10.861","-","11.7"
"2021/07/26","07:00","9.325","-","10.16"
"2021/07/26","08:00","6.934","-","7.86"
"2021/07/26","09:00","4.076","-","5.05"
"2021/07/26","10:00","1.317","-","2.36"
"2021/07/26","11:00","-0.459","-","0.21"
"2021/07/26","12:00","-0.623","-","-0.22"
"2021/07/26","13:00","0.606","-","1.11"
"2021/07/26","14:00","2.692","-","3.15"
"2021/07/26","15:00","5.276","-","5.65"
"2021/07/26","16:00","7.79","-","8.31"
"2021/07/26","17:00","9.484","-","10.15"
"2021/07/26","18:00","9.963","-","10.77"
"2021/07/26","19:00","9.242","-","10.05"
"2021/07/26","20:00","7.551","-","8.39"
"2021/07/26","21:00","5.24","-","6.19"
"2021/07/26","22:00","2.756","-","3.67"
"2021/07/26","23:00","0.843","-","1.58"
"2021/07/27","00:00","0.331","-","0.76"
"2021/07/27","01:00","1.327","-","1.83"
"2021/07/27","02:00","3.277","-","3.78"
"2021/07/27","03:00","5.73","-","6.15"
"2021/07/27","04:00","8.271","-","8.65"
"2021/07/27","05:00","10.193","-","10.72"
"2021/07/27","06:00","10.928","-","11.6"
"2021/07/27","07:00","10.376","-","11.06"
"2021/07/27","08:00","8.739","-","9.32"
"2021/07/27","09:00","6.358","-","7.05"
"2021/07/27","10:00","3.623","-","4.44"
"2021/07/27","11:00","1.11","-","1.92"
"2021/07/27","12:00","-0.309","-","0.18"
"2021/07/27","13:00","-0.146","-","0.2"
"2021/07/27","14:00","1.243","-","1.7"
"2021/07/27","15:00","3.341","-","3.77"
"2021/07/27","16:00","5.841","-","6.17"
"2021/07/27","17:00","8.173","-","8.57"
"2021/07/27","18:00","9.619","-","10.27"
"2021/07/27","19:00","9.846","-","10.59"
"2021/07/27","20:00","8.931","-","9.59"
"2021/07/27","21:00","7.156","-","7.9"
"2021/07/27","22:00","4.87","-","5.63"
"2021/07/27","23:00","2.511","-","3.3"
"2021/07/28","00:00","0.843","-","1.32"
"2021/07/28","01:00","0.602","-","1.06"
"2021/07/28","02:00","1.721","-","1.93"
"2021/07/28","03:00","3.618","-","4.29"
"2021/07/28","04:00","5.941","-","6.09"
"2021/07/28","05:00","8.299","-","8.75"
"2021/07/28","06:00","9.979","-","10.52"
"2021/07/28","07:00","10.47","-","11.01"
"2021/07/28","08:00","9.748","-","10.43"
"2021/07/28","09:00","8.068","-","8.64"
"2021/07/28","10:00","5.776","-","6.31"
"2021/07/28","11:00","3.235","-","3.91"
"2021/07/28","12:00","1.042","-","1.54"
"2021/07/28","13:00","0.027","-","0.34"
"2021/07/28","14:00","0.49","-","0.68"
"2021/07/28","15:00","1.964","-","2.25"
"2021/07/28","16:00","4.017","-","4.31"
"2021/07/28","17:00","6.396","-","6.73"
"2021/07/28","18:00","8.504","-","8.76"
"2021/07/28","19:00","9.652","-","10.09"
"2021/07/28","20:00","9.614","-","10.13"
"2021/07/28","21:00","8.542","-","9.05"
"2021/07/28","22:00","6.738","-","7.24"
"2021/07/28","23:00","4.523","-","5.06"
"2021/07/29","00:00","2.34","-","2.96"
"2021/07/29","01:00","0.955","-","1.43"
"2021/07/29","02:00","0.959","-","1.21"
"2021/07/29","03:00","2.119","-","2.56"
"2021/07/29","04:00","3.908","-","4.28"
"2021/07/29","05:00","6.086","-","6.48"
"2021/07/29","06:00","8.239","-","8.49"
"2021/07/29","07:00","9.648","-","10"
"2021/07/29","08:00","9.9","-","10.36"
"2021/07/29","09:00","9.059","-","9.51"
"2021/07/29","10:00","7.403","-","7.87"
"2021/07/29","11:00","5.252","-","5.73"
"2021/07/29","12:00","2.958","-","3.43"
"2021/07/29","13:00","1.133","-","1.6"
"2021/07/29","14:00","0.51","-","0.73"
"2021/07/29","15:00","1.196","-","1.61"
"2021/07/29","16:00","2.689","-","2.99"
"2021/07/29","17:00","4.674","-","4.98"
"2021/07/29","18:00","6.905","-","7.23"
"2021/07/29","19:00","8.74","-","9.04"
"2021/07/29","20:00","9.579","-","10.02"
"2021/07/29","21:00","9.312","-","9.85"
"2021/07/29","22:00","8.134","-","8.6"
"2021/07/29","23:00","6.338","-","6.89"
"2021/07/30","00:00","4.229","-","4.77"
"2021/07/30","01:00","2.26","-","2.81"
"2021/07/30","02:00","1.149","-","1.63"
"2021/07/30","03:00","1.322","-","1.9"
"2021/07/30","04:00","2.458","-","3.01"
"2021/07/30","05:00","4.131","-","4.72"
"2021/07/30","06:00","6.161","-","6.66"
"2021/07/30","07:00","8.088","-","8.67"
"2021/07/30","08:00","9.232","-","9.98"
"2021/07/30","09:00","9.298","-","10.12"
"2021/07/30","10:00","8.4","-","9.18"
"2021/07/30","11:00","6.809","-","7.63"
"2021/07/30","12:00","4.834","-","5.63"
"2021/07/30","13:00","2.821","-","3.58"
"2021/07/30","14:00","1.357","-","2.19"
"2021/07/30","15:00","1.055","-","1.64"
"2021/07/30","16:00","1.884","-","2.5"
"2021/07/30","17:00","3.369","-","4.02"
"2021/07/30","18:00","5.271","-","5.78"
"2021/07/30","19:00","7.318","-","7.77"
"2021/07/30","20:00","8.87","-","9.34"
"2021/07/30","21:00","9.44","-","9.95"
"2021/07/30","22:00","8.996","-","9.59"
"2021/07/30","23:00","7.748","-","8.24"
"2021/07/31","00:00","5.991","-","6.57"
"2021/07/31","01:00","4.017","-","4.67"
"2021/07/31","02:00","2.252","-","2.83"
"2021/07/31","03:00","1.355","-","1.95"
"2021/07/31","04:00","1.629","-","2.11"
"2021/07/31","05:00","2.719","-","3.28"
"2021/07/31","06:00","4.279","-","4.79"
"2021/07/31","07:00","6.156","-","6.54"
"2021/07/31","08:00","7.869","-","7.99"
"2021/07/31","09:00","8.804","-","9.18"
"2021/07/31","10:00","8.746","-","8.96"
"2021/07/31","11:00","7.83","-","8.01"
"2021/07/31","12:00","6.336","-","6.53"
"2021/07/31","13:00","4.559","-","4.83"
"2021/07/31","14:00","2.807","-","3.2"
"2021/07/31","15:00","1.638","-","1.96"
"2021/07/31","16:00","1.58","-","1.88"
"2021/07/31","17:00","2.504","-","2.91"
"2021/07/31","18:00","3.957","-","4.31"
"2021/07/31","19:00","5.757","-","6.18"
"2021/07/31","20:00","7.619","-","8"
"2021/07/31","21:00","8.931","-","9.2"
"2021/07/31","22:00","9.288","-","9.66"
"2021/07/31","23:00","8.704","-","8.99"
"2021/08/01","00:00","7.421","-","7.77"
"2021/08/01","01:00","5.731","-","6.08"
"2021/08/01","02:00","3.874","-","4.16"
"2021/08/01","03:00","2.257","-","2.55"
"2021/08/01","04:00","1.515","-","1.75"
"2021/08/01","05:00","1.856","-","2.24"
"2021/08/01","06:00","2.888","-","3.27"
"2021/08/01","07:00","4.341","-","4.76"
"2021/08/01","08:00","6.092","-","6.5"
"2021/08/01","09:00","7.649","-","8"
"2021/08/01","10:00","8.439","-","8.81"
"2021/08/01","11:00","8.298","-","8.64"
"2021/08/01","12:00","7.395","-","7.68"
"2021/08/01","13:00","6.018","-","6.21"
"2021/08/01","14:00","4.41","-","4.69"
"2021/08/01","15:00","2.844","-","3.15"
"2021/08/01","16:00","1.898","-","2.24"
"2021/08/01","17:00","2.032","-","2.41"
"2021/08/01","18:00","3.011","-","3.62"
"2021/08/01","19:00","4.412","-","5.04"
"2021/08/01","20:00","6.124","-","6.75"
"2021/08/01","21:00","7.849","-","8.35"
"2021/08/01","22:00","8.976","-","9.59"
"2021/08/01","23:00","9.159","-","9.85"
"2021/08/02","00:00","8.476","-","9.03"
"2021/08/02","01:00","7.189","-","7.76"
"2021/08/02","02:00","5.547","-","6.02"
"2021/08/02","03:00","3.742","-","4.28"
"2021/08/02","04:00","2.217","-","2.72"
"2021/08/02","05:00","1.602","-","2.23"
"2021/08/02","06:00","1.985","-","2.6"
"2021/08/02","07:00","2.954","-","3.59"
"2021/08/02","08:00","4.342","-","5"
"2021/08/02","09:00","6.037","-","6.68"
"2021/08/02","10:00","7.5","-","7.99"
"2021/08/02","11:00","8.184","-","8.71"
"2021/08/02","12:00","7.993","-","8.54"
"2021/08/02","13:00","7.124","-","7.63"
"2021/08/02","14:00","5.835","-","6.27"
"2021/08/02","15:00","4.311","-","4.78"
"2021/08/02","16:00","2.856","-","3.28"
"2021/08/02","17:00","2.09","-","2.49"
"2021/08/02","18:00","2.371","-","2.7"
"2021/08/02","19:00","3.368","-","3.84"
"2021/08/02","20:00","4.738","-","5.34"
"2021/08/02","21:00","6.427","-","6.91"
"2021/08/02","22:00","8.07","-","8.38"
"2021/08/02","23:00","9.046","-","9.49"
"2021/08/03","00:00","9.093","-","9.51"
"2021/08/03","01:00","8.342","-","8.67"
"2021/08/03","02:00","7.037","-","7.28"
"2021/08/03","03:00","5.374","-","5.51"
"2021/08/03","04:00","3.557","-","3.65"
"2021/08/03","05:00","2.1","-","2.21"
"2021/08/03","06:00","1.591","-","1.67"
"2021/08/03","07:00","1.998","-","2.09"
"2021/08/03","08:00","2.944","-","3.17"
"2021/08/03","09:00","4.354","-","4.52"
"2021/08/03","10:00","6.065","-","6.24"
"2021/08/03","11:00","7.466","-","7.54"
"2021/08/03","12:00","8.072","-","8.19"
"2021/08/03","13:00","7.85","-","7.91"
"2021/08/03","14:00","6.99","-","6.97"
"2021/08/03","15:00","5.705","-","5.67"
"2021/08/03","16:00","4.181","-","4.19"
"2021/08/03","17:00","2.794","-","2.87"
"2021/08/03","18:00","2.175","-","2.26"
"2021/08/03","19:00","2.565","-","2.7"
"2021/08/03","20:00","3.594","-","3.9"
"2021/08/03","21:00","5.009","-","5.31"
"2021/08/03","22:00","6.741","-","6.96"
"2021/08/03","23:00","8.329","-","8.54"
"2021/08/04","00:00","9.18","-","9.46"
"2021/08/04","01:00","9.118","-","9.43"
"2021/08/04","02:00","8.283","-","8.43"
"2021/08/04","03:00","6.892","-","6.94"
"2021/08/04","04:00","5.137","-","5.36"
"2021/08/04","05:00","3.275","-","3.33"
"2021/08/04","06:00","1.876","-","1.91"
"2021/08/04","07:00","1.462","-","1.52"
"2021/08/04","08:00","1.925","-","2.11"
"2021/08/04","09:00","2.941","-","3.3"
"2021/08/04","10:00","4.462","-","4.76"
"2021/08/04","11:00","6.222","-","6.35"
"2021/08/04","12:00","7.579","-","7.88"
"2021/08/04","13:00","8.119","-","8.38"
"2021/08/04","14:00","7.836","-","8.13"
"2021/08/04","15:00","6.903","-","7.15"
"2021/08/04","16:00","5.537","-","5.76"
"2021/08/04","17:00","3.963","-","4.24"
"2021/08/04","18:00","2.618","-","2.97"
"2021/08/04","19:00","2.126","-","2.13"
"2021/08/04","20:00","2.639","-","2.9"
"2021/08/04","21:00","3.774","-","4.02"
"2021/08/04","22:00","5.315","-","5.67"
"2021/08/04","23:00","7.123","-","7.36"
"2021/08/05","00:00","8.669","-","8.83"
"2021/08/05","01:00","9.406","-","9.79"
"2021/08/05","02:00","9.21","-","9.53"
"2021/08/05","03:00","8.221","-","8.45"
"2021/08/05","04:00","6.672","-","7.05"
"2021/08/05","05:00","4.782","-","5.19"
"2021/08/05","06:00","2.86","-","3.25"
"2021/08/05","07:00","1.522","-","1.89"
"2021/08/05","08:00","1.243","-","1.55"
"2021/08/05","09:00","1.852","-","2.36"
"2021/08/05","10:00","3.038","-","3.52"
"2021/08/05","11:00","4.721","-","5.06"
"2021/08/05","12:00","6.542","-","6.7"
"2021/08/05","13:00","7.852","-","8.09"
"2021/08/05","14:00","8.287","-","8.83"
"2021/08/05","15:00","7.86","-","8.08"
"2021/08/05","16:00","6.771","-","7.32"
"2021/08/05","17:00","5.271","-","5.7"
"2021/08/05","18:00","3.614","-","4.08"
"2021/08/05","19:00","2.303","-","2.8"
"2021/08/05","20:00","1.972","-","2.28"
"2021/08/05","21:00","2.684","-","3.02"
"2021/08/05","22:00","4.009","-","4.63"
"2021/08/05","23:00","5.723","-","6.22"
"2021/08/06","00:00","7.616","-","8.17"
"2021/08/06","01:00","9.109","-","9.43"
"2021/08/06","02:00","9.693","-","10.19"
"2021/08/06","03:00","9.285","-","9.72"
"2021/08/06","04:00","8.07","-","8.52"
"2021/08/06","05:00","6.318","-","6.72"
"2021/08/06","06:00","4.267","-","4.59"
"2021/08/06","07:00","2.288","-","2.75"
"2021/08/06","08:00","1.069","-","1.22"
"2021/08/06","09:00","1.027","-","1.29"
"2021/08/06","10:00","1.882","-","2.23"
"2021/08/06","11:00","3.302","-","3.52"
"2021/08/06","12:00","5.168","-","5.3"
"2021/08/06","13:00","7.036","-","7.14"
"2021/08/06","14:00","8.246","-","8.38"
"2021/08/06","15:00","8.485","-","8.71"
"2021/08/06","16:00","7.831","-","8.01"
"2021/08/06","17:00","6.534","-","6.79"
"2021/08/06","18:00","4.861","-","5.06"
"2021/08/06","19:00","3.107","-","3.29"
"2021/08/06","20:00","1.879","-","2.17"
"2021/08/06","21:00","1.805","-","1.94"
"2021/08/06","22:00","2.801","-","3.03"
"2021/08/06","23:00","4.365","-","4.61"
"2021/08/07","00:00","6.269","-","6.53"
"2021/08/07","01:00","8.231","-","8.43"
"2021/08/07","02:00","9.612","-","9.83"
"2021/08/07","03:00","9.953","-","10.27"
"2021/08/07","04:00","9.257","-","9.59"
"2021/08/07","05:00","7.771","-","7.94"
"2021/08/07","06:00","5.787","-","6"
"2021/08/07","07:00","3.566","-","3.79"
"2021/08/07","08:00","1.591","-","1.93"
"2021/08/07","09:00","0.615","-","0.81"
"2021/08/07","10:00","0.919","-","1.15"
"2021/08/07","11:00","2.086","-","2.53"
"2021/08/07","12:00","3.776","-","4.23"
"2021/08/07","13:00","5.817","-","6.12"
"2021/08/07","14:00","7.666","-","7.98"
"2021/08/07","15:00","8.672","-","9.04"
"2021/08/07","16:00","8.628","-","9.08"
"2021/08/07","17:00","7.693","-","8.08"
"2021/08/07","18:00","6.149","-","6.45"
"2021/08/07","19:00","4.278","-","4.57"
"2021/08/07","20:00","2.47","-","2.81"
"2021/08/07","21:00","1.438","-","1.75"
"2021/08/07","22:00","1.72","-","1.98"
"2021/08/07","23:00","3.045","-","3.44"
"2021/08/08","00:00","4.869","-","5.21"
"2021/08/08","01:00","6.955","-","7.31"
"2021/08/08","02:00","8.916","-","9.22"
"2021/08/08","03:00","10.081","-","10.39"
"2021/08/08","04:00","10.098","-","10.58"
"2021/08/08","05:00","9.071","-","9.51"
"2021/08/08","06:00","7.288","-","7.69"
"2021/08/08","07:00","5.057","-","5.49"
"2021/08/08","08:00","2.717","-","3.16"
"2021/08/08","09:00","0.879","-","1.32"
"2021/08/08","10:00","0.276","-","0.66"
"2021/08/08","11:00","0.996","-","1.5"
"2021/08/08","12:00","2.511","-","3"
"2021/08/08","13:00","4.474","-","4.96"
"2021/08/08","14:00","6.627","-","6.96"
"2021/08/08","15:00","8.341","-","8.66"
"2021/08/08","16:00","9.048","-","9.43"
"2021/08/08","17:00","8.667","-","9.04"
"2021/08/08","18:00","7.411","-","7.72"
"2021/08/08","19:00","5.59","-","6.05"
"2021/08/08","20:00","3.549","-","3.95"
"2021/08/08","21:00","1.794","-","2.13"
"2021/08/08","22:00","1.074","-","1.37"
"2021/08/08","23:00","1.767","-","2.19"
"2021/08/09","00:00","3.434","-","4.02"
"2021/08/09","01:00","5.51","-","6.07"
"2021/08/09","02:00","7.714","-","8.04"
"2021/08/09","03:00","9.562","-","9.95"
"2021/08/09","04:00","10.423","-","10.9"
"2021/08/09","05:00","10.077","-","10.62"
"2021/08/09","06:00","8.699","-","8.96"
"2021/08/09","07:00","6.606","-","6.93"
"2021/08/09","08:00","4.17","-","4.61"
"2021/08/09","09:00","1.832","-","2.38"
"2021/08/09","10:00","0.273","-","0.74"
"2021/08/09","11:00","0.133","-","0.5"
"2021/08/09","12:00","1.305","-","1.84"
"2021/08/09","13:00","3.17","-","3.57"
"2021/08/09","14:00","5.353","-","5.66"
"2021/08/09","15:00","7.503","-","7.9"
"2021/08/09","16:00","8.977","-","9.34"
"2021/08/09","17:00","9.33","-","9.82"
"2021/08/09","18:00","8.574","-","9.01"
"2021/08/09","19:00","6.967","-","7.3"
"2021/08/09","20:00","4.887","-","5.31"
"2021/08/09","21:00","2.765","-","3.2"
"2021/08/09","22:00","1.176","-","1.55"
"2021/08/09","23:00","0.839","-","1.29"
"2021/08/10","00:00","1.958","-","2.52"
"2021/08/10","01:00","3.95","-","4.48"
"2021/08/10","02:00","6.217","-","6.59"
"2021/08/10","03:00","8.431","-","8.82"
"2021/08/10","04:00","10.071","-","10.49"
"2021/08/10","05:00","10.589","-","11.08"
"2021/08/10","06:00","9.867","-","10.27"
"2021/08/10","07:00","8.131","-","8.38"
"2021/08/10","08:00","5.771","-","6.19"
"2021/08/10","09:00","3.241","-","3.88"
"2021/08/10","10:00","1.038","-","1.52"
"2021/08/10","11:00","-0.138","-","0.25"
"2021/08/10","12:00","0.236","-","0.65"
"2021/08/10","13:00","1.855","-","2.34"
"2021/08/10","14:00","4.014","-","4.33"
"2021/08/10","15:00","6.311","-","6.53"
"2021/08/10","16:00","8.353","-","8.76"
"2021/08/10","17:00","9.528","-","9.89"
"2021/08/10","18:00","9.491","-","9.83"
"2021/08/10","19:00","8.33","-","8.58"
"2021/08/10","20:00","6.388","-","6.82"
"2021/08/10","21:00","4.129","-","4.53"
"2021/08/10","22:00","2.024","-","2.38"
"2021/08/10","23:00","0.675","-","1"
"2021/08/11","00:00","0.754","-","1.14"
"2021/08/11","01:00","2.278","-","2.84"
"2021/08/11","02:00","4.517","-","4.83"
"2021/08/11","03:00","6.869","-","7.1"
"2021/08/11","04:00","9.002","-","9.4"
"2021/08/11","05:00","10.392","-","10.9"
"2021/08/11","06:00","10.556","-","10.96"
"2021/08/11","07:00","9.459","-","9.87"
"2021/08/11","08:00","7.414","-","7.81"
"2021/08/11","09:00","4.897","-","5.51"
"2021/08/11","10:00","2.395","-","2.98"
"2021/08/11","11:00","0.428","-","0.87"
"2021/08/11","12:00","-0.297","-","0.16"
"2021/08/11","13:00","0.595","-","1.18"
"2021/08/11","14:00","2.593","-","3.01"
"2021/08/11","15:00","4.935","-","5.22"
"2021/08/11","16:00","7.248","-","7.67"
"2021/08/11","17:00","9.119","-","9.61"
"2021/08/11","18:00","9.955","-","10.38"
"2021/08/11","19:00","9.503","-","10.08"
"2021/08/11","20:00","7.959","-","8.35"
"2021/08/11","21:00","5.763","-","6.3"
"2021/08/11","22:00","3.417","-","4.04"
"2021/08/11","23:00","1.394","-","1.83"